#,#,#,2,2,2,2,2,2,2,2,8,8,8,8,8,8,8,8,10,10,10,10,10,10,10,10,10,10,10,10,10,10,10,10,10,10,10,10,10,10,11,11,11,12,13,13,13,14,14,15,15,15
#,#,#,Name,Axis length - X,Axis size - X,Axis spacing - X,Axis length - Y,Axis size - Y,Axis spacing - Y,NM-points ratio - Z,Name,Axis length - X,Axis size - X,Axis spacing - X,Axis length - Y,Axis size - Y,Axis spacing - Y,NM-points ratio - Z,Sq,Ssk,Sku,Sp,Sv,Sz,Sa,Smr (c = 1000 nm below highest peak),Smc (p = 10%),Sxp (p = 50%  q = 97.5%),Sal (s = 0.2),Str (s = 0.2),Std (Reference angle = 0°),Ssw,Sdq,Sdr,Vm (p = 10%),Vv (p = 10%),Vmp (p = 10%),Vmc (p = 10%  q = 80%),Vvc (p = 10%  q = 80%),Vvv (p = 80%),First direction,Second direction,Third direction,Texture isotropy,Maximum depth of furrows,Mean depth of furrows,Mean density of furrows,Length-scale anisotropy (Sfrax) (epLsar),Length-scale anisotropy (NewEplsar),Fractal complexity (Asfc),Scale of max complexity (Smfc),HAsfc9 (HAsfc9)
#,#,#,<no unit>,µm,points,µm,µm,points,µm,%,<no unit>,µm,points,µm,µm,points,µm,%,nm,<no unit>,<no unit>,nm,nm,nm,nm,%,nm,nm,µm,<no unit>,°,µm,<no unit>,%,µm³/µm²,µm³/µm²,µm³/µm²,µm³/µm²,µm³/µm²,µm³/µm²,°,°,°,%,nm,nm,cm/cm2,<no unit>,<no unit>,<no unit>,µm²,<no unit>
9/3/2025,16:07:51,D:\Data\Areti_Leventi\Areti_Leventi_June 2025 _Acquisitions_Templates\Template3_extracted_data\Template3 --- Scra11_LSM_20x-0.7_LSM_after_mold_ventral_loc1_mean_extracted.mnt,Scra11_LSM_20x-0.7_LSM_after_mold_ventral_loc1_mean_extracted,100.051743,784,0.127780004,100.051743,784,0.127780004,6.022230321,Scra11_LSM_20x-0.7_LSM_after_mold_ventral_loc1_mean_extracted > S-filtered (Lambda-s 2.50 µm) > Leveled (LS-plane) > Form removed (LS-poly 8) > Thresholded (0.100 % ; 99.9 %),100.051743,784,0.127780004,100.051743,784,0.127780004,6.210140306,510.3146761,0.208299526,3.611167169,2002.268525,1895.23744,3897.505965,395.2242358,3.358513583,630.9983711,959.4634056,5.535717812,0.757126494,54.74853125,0.424908504,0.59373265,14.10821254,0.032207122,0.663238285,0.032207122,0.429877005,0.605845551,0.057392734,44.99066565,0.01081937,90.00509231,82.36371353,3418.37855,1714.283928,6492.158778,0.00058558,0.017484349,49.92665862,1.080586533,0.133322846
9/3/2025,16:08:07,D:\Data\Areti_Leventi\Areti_Leventi_June 2025 _Acquisitions_Templates\Template3_extracted_data\Template3 --- Scra11_LSM_20x-0.7_LSM_after_mold_ventral_loc2_mean_extracted.mnt,Scra11_LSM_20x-0.7_LSM_after_mold_ventral_loc2_mean_extracted,100.051743,784,0.127780004,100.051743,784,0.127780004,8.80671465,Scra11_LSM_20x-0.7_LSM_after_mold_ventral_loc2_mean_extracted > S-filtered (Lambda-s 2.50 µm) > Leveled (LS-plane) > Form removed (LS-poly 8) > Thresholded (0.100 % ; 99.9 %),100.051743,784,0.127780004,100.051743,784,0.127780004,8.988605008,599.4221317,0.103857641,4.277262096,2280.247346,2129.979177,4410.226522,444.2419269,2.64257917,705.02651,1299.105579,6.570978128,0.69733778,74.74840725,0.424908504,0.318690804,4.665524789,0.041818774,0.746869303,0.041818774,0.451837662,0.666519418,0.080349885,89.99558778,179.9952386,134.9887841,68.76672171,4350.215412,1899.376555,6945.496465,0.002807361,0.016818941,13.83171789,1.15307539,0.443702823
9/3/2025,16:08:23,D:\Data\Areti_Leventi\Areti_Leventi_June 2025 _Acquisitions_Templates\Template3_extracted_data\Template3 --- Scra11_LSM_20x-0.7_LSM_after_mold_ventral_loc3_mean_extracted.mnt,Scra11_LSM_20x-0.7_LSM_after_mold_ventral_loc3_mean_extracted,100.051743,784,0.127780004,100.051743,784,0.127780004,9.178304613,Scra11_LSM_20x-0.7_LSM_after_mold_ventral_loc3_mean_extracted > S-filtered (Lambda-s 2.50 µm) > Leveled (LS-plane) > Form removed (LS-poly 8) > Thresholded (0.100 % ; 99.9 %),100.051743,784,0.127780004,100.051743,784,0.127780004,9.360194971,626.8702986,-1.349127918,16.21507197,4021.251284,4888.391305,8909.642589,399.6521136,0.138457662,594.0356977,1118.639648,5.662374686,0.61124376,85.50156405,0.424908504,0.372205708,5.960471374,0.041059843,0.635072564,0.041059843,0.380612255,0.546598671,0.088473893,90.00049955,44.99608453,116.4394462,58.82371774,9461.823474,3459.688943,7121.220991,0.001736147,0.017873197,19.82068691,1.49503139,0.949429685
9/3/2025,16:08:38,D:\Data\Areti_Leventi\Areti_Leventi_June 2025 _Acquisitions_Templates\Template3_extracted_data\Template3 --- Scra11_LSM_20x-0.7_LSM_after_mold_ventral_loc4_mean_extracted.mnt,Scra11_LSM_20x-0.7_LSM_after_mold_ventral_loc4_mean_extracted,100.051743,784,0.127780004,100.051743,784,0.127780004,6.901095898,Scra11_LSM_20x-0.7_LSM_after_mold_ventral_loc4_mean_extracted > S-filtered (Lambda-s 2.50 µm) > Leveled (LS-plane) > Form removed (LS-poly 8) > Thresholded (0.100 % ; 99.9 %),100.051743,784,0.127780004,100.051743,784,0.127780004,7.087053571,535.8292596,0.30662948,3.504881576,2236.933193,1622.238282,3859.171475,420.7068176,1.932655279,670.0448426,961.0071208,5.69363755,0.648431761,57.75130496,0.424908504,0.324198925,4.854969956,0.033058494,0.703088926,0.033058494,0.467087613,0.649042586,0.05404634,44.98490159,90.01423227,135.0068606,71.81573825,3943.281765,1857.354041,6632.411999,0.002383401,0.016669345,13.0605013,1.15307539,0.313567187
9/3/2025,16:08:54,D:\Data\Areti_Leventi\Areti_Leventi_June 2025 _Acquisitions_Templates\Template3_extracted_data\Template3 --- Scra11_LSM_20x-0.7_LSM_before_mold_ventral_loc1_mean_extracted.mnt,Scra11_LSM_20x-0.7_LSM_before_mold_ventral_loc1_mean_extracted,100.051743,784,0.127780004,100.051743,784,0.127780004,5.396026395,Scra11_LSM_20x-0.7_LSM_before_mold_ventral_loc1_mean_extracted > S-filtered (Lambda-s 2.50 µm) > Leveled (LS-plane) > Form removed (LS-poly 8) > Thresholded (0.100 % ; 99.9 %),100.051743,784,0.127780004,100.051743,784,0.127780004,5.585075229,461.3624847,0.364424196,3.438281754,1940.378093,1193.170473,3133.548566,362.0557726,3.147260593,568.2291887,834.1125407,6.10753735,0.681078536,86.25057711,0.424908504,0.317969462,4.701684148,0.030148621,0.598367477,0.030148621,0.400553848,0.551419814,0.046947662,89.99058392,135.0261938,179.9960214,72.18860888,3051.5584,1527.90806,6748.033798,0.002473629,0.016869024,13.10260134,0.94899352,0.177368041
9/3/2025,16:09:10,D:\Data\Areti_Leventi\Areti_Leventi_June 2025 _Acquisitions_Templates\Template3_extracted_data\Template3 --- Scra11_LSM_20x-0.7_LSM_before_mold_ventral_loc2_mean_extracted.mnt,Scra11_LSM_20x-0.7_LSM_before_mold_ventral_loc2_mean_extracted,100.051743,784,0.127780004,100.051743,784,0.127780004,7.639395044,Scra11_LSM_20x-0.7_LSM_before_mold_ventral_loc2_mean_extracted > S-filtered (Lambda-s 2.50 µm) > Leveled (LS-plane) > Form removed (LS-poly 8) > Thresholded (0.100 % ; 99.9 %),100.051743,784,0.127780004,100.051743,784,0.127780004,7.824051177,537.4528483,-0.333985725,4.060290192,1796.530701,2537.250497,4333.781197,412.1910261,6.2930831,674.2111302,1111.378536,5.961985451,0.674363193,86.99719416,0.424908504,0.406017052,7.404031275,0.024039964,0.698275483,0.024039964,0.456522293,0.627742532,0.070532951,45.01407039,89.99811744,63.56397522,57.93184387,4003.873071,1607.176415,7054.717255,0.001293233,0.017108488,26.90326537,0.889334407,0.290853147
9/3/2025,16:09:26,D:\Data\Areti_Leventi\Areti_Leventi_June 2025 _Acquisitions_Templates\Template3_extracted_data\Template3 --- Scra11_LSM_20x-0.7_LSM_before_mold_ventral_loc3_mean_extracted.mnt,Scra11_LSM_20x-0.7_LSM_before_mold_ventral_loc3_mean_extracted,100.051743,784,0.127780004,100.051743,784,0.127780004,5.899397387,Scra11_LSM_20x-0.7_LSM_before_mold_ventral_loc3_mean_extracted > S-filtered (Lambda-s 2.50 µm) > Leveled (LS-plane) > Form removed (LS-poly 8) > Thresholded (0.100 % ; 99.9 %),100.051743,784,0.127780004,100.051743,784,0.127780004,6.087470065,539.9840836,-0.304824558,8.520845772,3720.021945,2807.58574,6527.607685,372.9492162,0.120573974,572.0733026,1183.423463,6.019787637,0.727769559,3.737033889,0.424908504,0.326253647,4.692863466,0.035175898,0.607252923,0.035175898,0.369590638,0.532056133,0.07519679,89.99521581,0.016554384,45.0192746,74.7322589,6585.734547,2805.823007,6799.609241,0.002106224,0.017560547,15.39682273,1.080586533,1.080446799
9/3/2025,16:09:43,D:\Data\Areti_Leventi\Areti_Leventi_June 2025 _Acquisitions_Templates\Template3_extracted_data\Template3 --- Scra11_LSM_20x-0.7_LSM_before_mold_ventral_loc4_mean_extracted.mnt,Scra11_LSM_20x-0.7_LSM_before_mold_ventral_loc4_mean_extracted,100.051743,784,0.127780004,100.051743,784,0.127780004,5.31272777,Scra11_LSM_20x-0.7_LSM_before_mold_ventral_loc4_mean_extracted > S-filtered (Lambda-s 2.50 µm) > Leveled (LS-plane) > Form removed (LS-poly 8) > Thresholded (0.100 % ; 99.9 %),100.051743,784,0.127780004,100.051743,784,0.127780004,5.502101989,588.5908686,0.307244133,3.674228689,2554.349407,1998.39819,4552.747598,458.045136,1.111909036,734.3365875,1090.515329,5.260780714,0.651505986,154.9948161,0.424908504,0.675609583,17.56141901,0.037076995,0.771394562,0.037076995,0.504434007,0.710492406,0.060902155,44.96265715,179.9913811,135.0303275,71.8709336,4208.073419,2001.90367,6332.729893,0.001431175,0.017630593,60.36009183,1.15307539,0.317567892
9/3/2025,16:09:58,D:\Data\Areti_Leventi\Areti_Leventi_June 2025 _Acquisitions_Templates\Template3_extracted_data\Template3 --- Scra12_LSM_20x-0.7_LSM_after_mold_ventral_loc1_mean_extracted.mnt,Scra12_LSM_20x-0.7_LSM_after_mold_ventral_loc1_mean_extracted,100.051743,784,0.127780004,100.051743,784,0.127780004,10.5226338,Scra12_LSM_20x-0.7_LSM_after_mold_ventral_loc1_mean_extracted > S-filtered (Lambda-s 2.50 µm) > Leveled (LS-plane) > Form removed (LS-poly 8) > Thresholded (0.100 % ; 99.9 %),100.051743,784,0.127780004,100.051743,784,0.127780004,10.70159569,418.1911344,-0.274824572,3.861412347,1549.440602,1838.031769,3387.472371,323.4022102,8.393925775,511.0965619,882.0993224,5.350888373,0.720703658,73.2467952,0.424908504,0.312574246,4.595304171,0.019791675,0.530865831,0.019791675,0.360408029,0.476946261,0.05391957,90.00599378,63.55115755,44.99018179,82.64523233,3645.689195,1280.681229,7388.894195,0.001747257,0.016985223,13.21267267,1.080586533,0.243055546
9/3/2025,16:10:14,D:\Data\Areti_Leventi\Areti_Leventi_June 2025 _Acquisitions_Templates\Template3_extracted_data\Template3 --- Scra12_LSM_20x-0.7_LSM_after_mold_ventral_loc2_mean_extracted.mnt,Scra12_LSM_20x-0.7_LSM_after_mold_ventral_loc2_mean_extracted,100.051743,784,0.127780004,100.051743,784,0.127780004,15.23990655,Scra12_LSM_20x-0.7_LSM_after_mold_ventral_loc2_mean_extracted > S-filtered (Lambda-s 2.50 µm) > Leveled (LS-plane) > Form removed (LS-poly 8) > Thresholded (0.100 % ; 99.9 %),100.051743,784,0.127780004,100.051743,784,0.127780004,15.40943227,503.4285743,0.323561465,5.524179616,2817.421359,1791.58745,4609.008809,368.7360754,0.455756306,572.6412771,1080.190356,5.655654493,0.827604139,65.50174827,0.424908504,0.370337532,6.251337261,0.035547006,0.60821807,0.035547006,0.38038697,0.542831917,0.065386153,89.9983581,179.9965102,63.57550319,84.04706104,4974.867428,2447.494409,8312.423063,0.002688262,0.017217686,20.59179929,1.012654737,0.464404327
9/3/2025,16:10:30,D:\Data\Areti_Leventi\Areti_Leventi_June 2025 _Acquisitions_Templates\Template3_extracted_data\Template3 --- Scra12_LSM_20x-0.7_LSM_after_mold_ventral_loc3_mean_extracted.mnt,Scra12_LSM_20x-0.7_LSM_after_mold_ventral_loc3_mean_extracted,99.92396299,783,0.127780004,100.051743,784,0.127780004,9.901249772,Scra12_LSM_20x-0.7_LSM_after_mold_ventral_loc3_mean_extracted > S-filtered (Lambda-s 2.50 µm) > Leveled (LS-plane) > Form removed (LS-poly 8) > Thresholded (0.100 % ; 99.9 %),99.92396299,783,0.127780004,100.051743,784,0.127780004,10.08109182,510.7015034,-0.101717998,4.289308911,2246.323916,2239.281387,4485.605303,383.5872565,1.047148059,601.0761277,1134.637968,5.036067516,0.596400251,67.24925881,0.424637257,0.324830529,4.878476929,0.030656931,0.631713655,0.030656931,0.405932218,0.561970307,0.069743348,90.00229208,0.001037538,44.99882789,58.09335391,5079.120509,2015.012995,7508.532352,0.000678735,0.017501358,14.13784574,1.07962932,0.330980324
9/3/2025,16:10:45,D:\Data\Areti_Leventi\Areti_Leventi_June 2025 _Acquisitions_Templates\Template3_extracted_data\Template3 --- Scra12_LSM_20x-0.7_LSM_after_mold_ventral_loc4_mean_extracted.mnt,Scra12_LSM_20x-0.7_LSM_after_mold_ventral_loc4_mean_extracted,100.051743,784,0.127780004,100.051743,784,0.127780004,11.62975713,Scra12_LSM_20x-0.7_LSM_after_mold_ventral_loc4_mean_extracted > S-filtered (Lambda-s 2.50 µm) > Leveled (LS-plane) > Form removed (LS-poly 8) > Thresholded (0.100 % ; 99.9 %),100.051743,784,0.127780004,100.051743,784,0.127780004,11.80644133,484.9841795,0.017359287,3.09126278,1686.007093,1627.955248,3313.962341,386.0010228,7.727668014,618.8977951,943.0788745,5.418250663,0.67880546,69.25657594,0.424908504,0.309376363,4.488861045,0.023435281,0.64233216,0.023435281,0.425276767,0.586744753,0.055587407,90.00294669,63.53612529,44.9641328,74.85587846,3309.05949,1464.51214,7731.862037,0.002130977,0.017176761,11.53373567,1.080586533,0.200440044
9/3/2025,16:11:01,D:\Data\Areti_Leventi\Areti_Leventi_June 2025 _Acquisitions_Templates\Template3_extracted_data\Template3 --- Scra12_LSM_20x-0.7_LSM_before_mold_ventral_loc1_mean_extracted.mnt,Scra12_LSM_20x-0.7_LSM_before_mold_ventral_loc1_mean_extracted,100.051743,784,0.127780004,100.051743,784,0.127780004,5.781119846,Scra12_LSM_20x-0.7_LSM_before_mold_ventral_loc1_mean_extracted > S-filtered (Lambda-s 2.50 µm) > Leveled (LS-plane) > Form removed (LS-poly 8) > Thresholded (0.100 % ; 99.9 %),100.051743,784,0.127780004,100.051743,784,0.127780004,5.969680602,387.299794,0.079794769,3.500776241,1598.38868,1267.482911,2865.871591,302.3082281,6.324732609,481.9886524,775.253904,6.023751796,0.700934393,87.74501932,0.424908504,0.318727306,4.777423368,0.022182279,0.50416376,0.022182279,0.32821547,0.459492481,0.044671279,89.98919464,45.00898678,116.4456277,68.03550074,2825.232816,1310.347123,6638.707642,0.002563995,0.016810413,13.38708385,0.94899352,0.13596104
9/3/2025,16:11:17,D:\Data\Areti_Leventi\Areti_Leventi_June 2025 _Acquisitions_Templates\Template3_extracted_data\Template3 --- Scra12_LSM_20x-0.7_LSM_before_mold_ventral_loc2_mean_extracted.mnt,Scra12_LSM_20x-0.7_LSM_before_mold_ventral_loc2_mean_extracted,100.051743,784,0.127780004,100.051743,784,0.127780004,9.803532382,Scra12_LSM_20x-0.7_LSM_before_mold_ventral_loc2_mean_extracted > S-filtered (Lambda-s 2.50 µm) > Leveled (LS-plane) > Form removed (LS-poly 8) > Thresholded (0.100 % ; 99.9 %),100.051743,784,0.127780004,100.051743,784,0.127780004,9.9841212,521.4110425,0.378419677,5.334335944,2809.956148,1708.647687,4518.603835,382.9884276,0.559228817,596.4435599,1094.111583,5.804250165,0.826010962,64.99888462,0.424908504,0.364012803,6.023867001,0.037262762,0.63370518,0.037262762,0.396924961,0.566593414,0.067111766,90.01348286,63.5669445,0.014833567,84.32437627,4608.958197,2474.278233,7635.045151,0.002549388,0.017162539,17.57738677,1.15307539,0.376689081
9/3/2025,16:11:33,D:\Data\Areti_Leventi\Areti_Leventi_June 2025 _Acquisitions_Templates\Template3_extracted_data\Template3 --- Scra12_LSM_20x-0.7_LSM_before_mold_ventral_loc3_mean_extracted.mnt,Scra12_LSM_20x-0.7_LSM_before_mold_ventral_loc3_mean_extracted,99.92396299,783,0.127780004,100.051743,784,0.127780004,10.96743295,Scra12_LSM_20x-0.7_LSM_before_mold_ventral_loc3_mean_extracted > S-filtered (Lambda-s 2.50 µm) > Leveled (LS-plane) > Form removed (LS-poly 8) > Thresholded (0.100 % ; 99.9 %),99.92396299,783,0.127780004,100.051743,784,0.127780004,11.1454831,471.8760562,0.23638473,3.542046096,2052.532945,1662.684441,3715.217386,367.4514431,2.126713574,587.2732321,887.4721883,5.552590159,0.880205832,42.24951719,0.424637257,0.386158832,6.784148269,0.029085805,0.616378911,0.029085805,0.410529343,0.565710888,0.050668023,0.020452672,89.99623647,44.9851579,92.02933692,3540.044595,1786.952629,7704.171062,0.001504958,0.017026516,20.52295659,0.948177231,0.169493358
9/3/2025,16:11:49,D:\Data\Areti_Leventi\Areti_Leventi_June 2025 _Acquisitions_Templates\Template3_extracted_data\Template3 --- Scra12_LSM_20x-0.7_LSM_before_mold_ventral_loc4_mean_extracted.mnt,Scra12_LSM_20x-0.7_LSM_before_mold_ventral_loc4_mean_extracted,100.051743,784,0.127780004,100.051743,784,0.127780004,11.30892727,Scra12_LSM_20x-0.7_LSM_before_mold_ventral_loc4_mean_extracted > S-filtered (Lambda-s 2.50 µm) > Leveled (LS-plane) > Form removed (LS-poly 8) > Thresholded (0.100 % ; 99.9 %),100.051743,784,0.127780004,100.051743,784,0.127780004,11.48626223,471.8481138,-0.03028752,3.110815759,1515.137511,1615.385172,3130.522683,373.1733966,13.73336444,605.2618444,964.4345791,5.336796261,0.667728633,50.99396777,0.424908504,0.325576428,4.955007873,0.022410515,0.627681811,0.022410515,0.410265226,0.571504658,0.056177153,63.53787504,90.01324621,134.9975983,72.60812288,2839.150754,1314.270393,7696.915631,0.002408372,0.017208084,13.65012657,1.012654737,0.147885845
9/3/2025,16:12:04,D:\Data\Areti_Leventi\Areti_Leventi_June 2025 _Acquisitions_Templates\Template3_extracted_data\Template3 --- Scra14_LSM_20x-0.7_LSM_after_mold_ventral_loc1_mean_extracted.mnt,Scra14_LSM_20x-0.7_LSM_after_mold_ventral_loc1_mean_extracted,100.051743,784,0.127780004,100.051743,784,0.127780004,11.64016946,Scra14_LSM_20x-0.7_LSM_after_mold_ventral_loc1_mean_extracted > S-filtered (Lambda-s 2.50 µm) > Leveled (LS-plane) > Form removed (LS-poly 8) > Thresholded (0.100 % ; 99.9 %),100.051743,784,0.127780004,100.051743,784,0.127780004,11.81685365,548.0495092,-0.18746267,3.186759226,1960.285618,1882.775403,3843.061021,436.144774,3.250507023,661.39204,1204.83692,6.49623193,0.860070329,132.2503093,0.424908504,0.333193916,5.162452275,0.025620585,0.687049935,0.025620585,0.490863166,0.619655207,0.067394728,90.00216137,134.9881841,153.5364384,75.02219904,3697.729368,1707.154453,7668.045181,0.001883012,0.016961578,15.23046992,1.15307539,0.194266454
9/3/2025,16:12:20,D:\Data\Areti_Leventi\Areti_Leventi_June 2025 _Acquisitions_Templates\Template3_extracted_data\Template3 --- Scra14_LSM_20x-0.7_LSM_after_mold_ventral_loc2_mean_extracted.mnt,Scra14_LSM_20x-0.7_LSM_after_mold_ventral_loc2_mean_extracted,100.051743,784,0.127780004,100.051743,784,0.127780004,15.22412536,Scra14_LSM_20x-0.7_LSM_after_mold_ventral_loc2_mean_extracted > S-filtered (Lambda-s 2.50 µm) > Leveled (LS-plane) > Form removed (LS-poly 8) > Thresholded (0.100 % ; 99.9 %),100.051743,784,0.127780004,100.051743,784,0.127780004,15.39365108,661.5677942,0.238365114,3.493185053,2522.445767,2313.131181,4835.576948,512.0902612,1.906605333,847.1162467,1257.208851,6.141834623,0.715897192,71.25125501,0.424908504,0.33885533,5.244692208,0.041058775,0.888162657,0.041058775,0.548900733,0.81521851,0.072944146,44.98925474,89.99693099,71.48920982,71.0609974,4771.920503,2125.844899,8068.601261,0.000741676,0.017756059,15.74455287,1.312967594,0.567420752
9/3/2025,16:12:36,D:\Data\Areti_Leventi\Areti_Leventi_June 2025 _Acquisitions_Templates\Template3_extracted_data\Template3 --- Scra14_LSM_20x-0.7_LSM_after_mold_ventral_loc3_mean_extracted.mnt,Scra14_LSM_20x-0.7_LSM_after_mold_ventral_loc3_mean_extracted,100.051743,784,0.127780004,100.051743,784,0.127780004,16.18921803,Scra14_LSM_20x-0.7_LSM_after_mold_ventral_loc3_mean_extracted > S-filtered (Lambda-s 2.50 µm) > Leveled (LS-plane) > Form removed (LS-poly 8) > Thresholded (0.100 % ; 99.9 %),100.051743,784,0.127780004,100.051743,784,0.127780004,16.35679144,519.2917982,0.008388549,3.362976194,1848.613078,1678.643498,3527.256576,405.8235134,4.975768795,639.8607838,1055.106731,5.47080351,0.630659757,92.51457499,0.424908504,0.301225401,4.262667829,0.028399687,0.668256652,0.028399687,0.449801068,0.605295621,0.062961031,90.00556184,179.9938371,116.4360858,60.58873856,3518.197441,1539.853551,8249.824144,0.002493304,0.016622752,11.39144626,1.15307539,0.265965647
9/3/2025,16:12:52,D:\Data\Areti_Leventi\Areti_Leventi_June 2025 _Acquisitions_Templates\Template3_extracted_data\Template3 --- Scra14_LSM_20x-0.7_LSM_after_mold_ventral_loc4_mean_extracted.mnt,Scra14_LSM_20x-0.7_LSM_after_mold_ventral_loc4_mean_extracted,100.051743,784,0.127780004,100.051743,784,0.127780004,10.03585746,Scra14_LSM_20x-0.7_LSM_after_mold_ventral_loc4_mean_extracted > S-filtered (Lambda-s 2.50 µm) > Leveled (LS-plane) > Form removed (LS-poly 8) > Thresholded (0.100 % ; 99.9 %),100.051743,784,0.127780004,100.051743,784,0.127780004,10.21563281,564.0463701,-0.067873302,3.301562239,2232.294873,1809.715086,4042.009959,444.9495857,1.418139699,682.2396861,1187.685942,4.859419226,0.791181599,51.24495329,0.424908504,0.37378526,6.256990387,0.027903157,0.710162187,0.027903157,0.500811715,0.641092507,0.069069679,44.97297542,0.007793994,90.00897873,82.12192214,4141.787414,1900.733406,7039.042073,0.000573225,0.01743382,19.6791778,1.49503139,0.447417379
9/3/2025,16:13:08,D:\Data\Areti_Leventi\Areti_Leventi_June 2025 _Acquisitions_Templates\Template3_extracted_data\Template3 --- Scra14_LSM_20x-0.7_LSM_before_mold_ventral_loc1_mean_extracted.mnt,Scra14_LSM_20x-0.7_LSM_before_mold_ventral_loc1_mean_extracted,100.051743,784,0.127780004,100.051743,784,0.127780004,5.11652046,Scra14_LSM_20x-0.7_LSM_before_mold_ventral_loc1_mean_extracted > S-filtered (Lambda-s 2.50 µm) > Leveled (LS-plane) > Form removed (LS-poly 8) > Thresholded (0.100 % ; 99.9 %),100.051743,784,0.127780004,100.051743,784,0.127780004,5.306382757,620.4114056,-0.159452565,3.102289955,1997.118349,2110.615449,4107.733797,494.5387359,4.782613899,760.5472183,1316.367273,5.935100543,0.812082788,50.74145054,0.424908504,0.714250804,19.96640139,0.029057544,0.789625263,0.029057544,0.558417006,0.715195777,0.074429486,89.97403188,0.001899651,26.46854869,72.0368761,3596.151001,1618.281165,6659.713418,0.00152118,0.017437696,64.81045314,0.889334407,0.243645142
9/3/2025,16:13:24,D:\Data\Areti_Leventi\Areti_Leventi_June 2025 _Acquisitions_Templates\Template3_extracted_data\Template3 --- Scra14_LSM_20x-0.7_LSM_before_mold_ventral_loc2_mean_extracted.mnt,Scra14_LSM_20x-0.7_LSM_before_mold_ventral_loc2_mean_extracted,100.051743,784,0.127780004,100.051743,784,0.127780004,6.801202624,Scra14_LSM_20x-0.7_LSM_before_mold_ventral_loc2_mean_extracted > S-filtered (Lambda-s 2.50 µm) > Leveled (LS-plane) > Form removed (LS-poly 8) > Thresholded (0.100 % ; 99.9 %),100.051743,784,0.127780004,100.051743,784,0.127780004,6.987160298,694.0895814,0.303932189,3.609368521,2728.343616,2249.842692,4978.186309,535.3076035,1.467475927,895.153426,1303.718112,6.040427342,0.727976379,148.7538807,0.424908504,0.536307381,11.78032782,0.043204735,0.938366059,0.043204735,0.572213267,0.862711286,0.075654773,135.017562,90.01076676,0.030672247,75.06602557,4883.726662,2180.152962,6694.243065,0.000755128,0.017923896,41.61284652,0.889334407,0.5149618
9/3/2025,16:13:40,D:\Data\Areti_Leventi\Areti_Leventi_June 2025 _Acquisitions_Templates\Template3_extracted_data\Template3 --- Scra14_LSM_20x-0.7_LSM_before_mold_ventral_loc3_mean_extracted.mnt,Scra14_LSM_20x-0.7_LSM_before_mold_ventral_loc3_mean_extracted,100.051743,784,0.127780004,100.051743,784,0.127780004,7.308315546,Scra14_LSM_20x-0.7_LSM_before_mold_ventral_loc3_mean_extracted > S-filtered (Lambda-s 2.50 µm) > Leveled (LS-plane) > Form removed (LS-poly 8) > Thresholded (0.100 % ; 99.9 %),100.051743,784,0.127780004,100.051743,784,0.127780004,7.493622449,501.9184038,0.011626073,3.25887195,1854.950926,1699.607152,3554.558078,394.0898801,4.465355756,629.2302758,1010.44857,5.405077641,0.638797037,93.24863054,0.424908504,0.314951437,4.635522315,0.026504308,0.655713474,0.026504308,0.437198186,0.596004117,0.059709357,90.00597908,116.4625437,44.99357126,57.87784785,3415.347009,1578.538532,6897.993574,0.002630952,0.016636116,12.71700486,1.012654737,0.213235069
9/3/2025,16:13:56,D:\Data\Areti_Leventi\Areti_Leventi_June 2025 _Acquisitions_Templates\Template3_extracted_data\Template3 --- Scra14_LSM_20x-0.7_LSM_before_mold_ventral_loc4_mean_extracted.mnt,Scra14_LSM_20x-0.7_LSM_before_mold_ventral_loc4_mean_extracted,100.051743,784,0.127780004,100.051743,784,0.127780004,12.86280456,Scra14_LSM_20x-0.7_LSM_before_mold_ventral_loc4_mean_extracted > S-filtered (Lambda-s 2.50 µm) > Leveled (LS-plane) > Form removed (LS-poly 8) > Thresholded (0.100 % ; 99.9 %),100.051743,784,0.127780004,100.051743,784,0.127780004,13.03704837,509.961186,-0.141831394,3.522457213,1953.12261,1770.959549,3724.082159,396.3126629,2.530954994,627.0442667,1095.965256,4.716368922,0.782398767,86.50627641,0.424908504,0.363628593,6.083900295,0.024557624,0.651595931,0.024557624,0.445640994,0.587338504,0.064257428,44.99817506,26.48703346,0.007795418,83.65164932,3970.516825,1698.320314,7943.285787,0.001574084,0.017034848,17.7961098,1.012654737,0.188294908
9/3/2025,16:14:12,D:\Data\Areti_Leventi\Areti_Leventi_June 2025 _Acquisitions_Templates\Template3_extracted_data\Template3 --- Scra16_LSM_20x-0.7_LSM_after_mold_ventral_loc1_mean_extracted.mnt,Scra16_LSM_20x-0.7_LSM_after_mold_ventral_loc1_mean_extracted,100.051743,784,0.127780004,100.051743,784,0.127780004,9.386225791,Scra16_LSM_20x-0.7_LSM_after_mold_ventral_loc1_mean_extracted > S-filtered (Lambda-s 2.50 µm) > Leveled (LS-plane) > Form removed (LS-poly 8) > Thresholded (0.100 % ; 99.9 %),100.051743,784,0.127780004,100.051743,784,0.127780004,9.567465379,440.8546733,0.315587086,4.64621104,2526.521815,1458.759378,3985.281193,337.3759436,0.482810924,515.5724259,856.9348373,5.23457575,0.817836683,93.74015838,0.424908504,0.342700778,5.447045667,0.028140718,0.543702682,0.028140718,0.371417339,0.492652081,0.051050602,90.00585438,44.98478791,63.53354068,76.64757094,4115.87365,2245.842168,7483.865782,0.001852017,0.01688551,16.78921936,1.15307539,0.227733672
9/3/2025,16:14:28,D:\Data\Areti_Leventi\Areti_Leventi_June 2025 _Acquisitions_Templates\Template3_extracted_data\Template3 --- Scra16_LSM_20x-0.7_LSM_after_mold_ventral_loc2_mean_extracted.mnt,Scra16_LSM_20x-0.7_LSM_after_mold_ventral_loc2_mean_extracted,100.051743,784,0.127780004,100.051743,784,0.127780004,17.90334756,Scra16_LSM_20x-0.7_LSM_after_mold_ventral_loc2_mean_extracted > S-filtered (Lambda-s 2.50 µm) > Leveled (LS-plane) > Form removed (LS-poly 8) > Thresholded (0.100 % ; 99.9 %),100.051743,784,0.127780004,100.051743,784,0.127780004,18.06734173,700.4567584,0.149737739,3.988445829,3189.052588,2792.931002,5981.98359,532.7177045,0.535278969,844.8970715,1430.222999,5.373104493,0.598109624,73.49694091,0.424908504,0.399267931,7.075261445,0.043992451,0.888941951,0.043992451,0.581684775,0.803406799,0.085535152,90.00765536,116.4418765,0.00283802,70.34549975,6373.576669,2684.942654,8735.340389,0.003375705,0.01697802,24.52109864,1.401045241,0.310494979
9/3/2025,16:14:44,D:\Data\Areti_Leventi\Areti_Leventi_June 2025 _Acquisitions_Templates\Template3_extracted_data\Template3 --- Scra16_LSM_20x-0.7_LSM_after_mold_ventral_loc3_mean_extracted.mnt,Scra16_LSM_20x-0.7_LSM_after_mold_ventral_loc3_mean_extracted,100.051743,784,0.127780004,100.051743,784,0.127780004,16.08525744,Scra16_LSM_20x-0.7_LSM_after_mold_ventral_loc3_mean_extracted > S-filtered (Lambda-s 2.50 µm) > Leveled (LS-plane) > Form removed (LS-poly 8) > Thresholded (0.100 % ; 99.9 %),100.051743,784,0.127780004,100.051743,784,0.127780004,16.25299354,742.1566598,-0.023536991,4.573964834,2912.970851,3538.415729,6451.38658,551.5558252,1.255447121,869.4565171,1536.669413,5.828312604,0.931773633,86.7459691,0.424908504,0.594493488,14.64351978,0.048978173,0.918461529,0.048978173,0.580037381,0.821845714,0.096615815,90.00639804,45.0363263,179.9931119,86.88219183,7135.935885,2530.243976,8428.875057,0.000724779,0.017406842,48.38877145,1.230427007,0.362977815
9/3/2025,16:15:00,D:\Data\Areti_Leventi\Areti_Leventi_June 2025 _Acquisitions_Templates\Template3_extracted_data\Template3 --- Scra16_LSM_20x-0.7_LSM_after_mold_ventral_loc4_mean_extracted.mnt,Scra16_LSM_20x-0.7_LSM_after_mold_ventral_loc4_mean_extracted,100.051743,784,0.127780004,100.051743,784,0.127780004,15.1792222,Scra16_LSM_20x-0.7_LSM_after_mold_ventral_loc4_mean_extracted > S-filtered (Lambda-s 2.50 µm) > Leveled (LS-plane) > Form removed (LS-poly 8) > Thresholded (0.100 % ; 99.9 %),100.051743,784,0.127780004,100.051743,784,0.127780004,15.34874792,515.6712267,-0.344869132,5.153260937,1922.118024,2490.571365,4412.689389,380.3183413,3.793246409,599.6588659,1070.191024,5.140027519,0.704933623,129.003893,0.424908504,0.345509774,5.469556126,0.031430921,0.631042194,0.031430921,0.399721656,0.561909529,0.069132666,90.03107985,179.9883336,135.0059114,75.41891622,4503.66481,1659.580556,8313.804615,0.001176662,0.017523657,16.91495435,1.312967594,0.351269156
9/3/2025,16:15:16,D:\Data\Areti_Leventi\Areti_Leventi_June 2025 _Acquisitions_Templates\Template3_extracted_data\Template3 --- Scra16_LSM_20x-0.7_LSM_before_mold_ventral_loc1_mean_extracted.mnt,Scra16_LSM_20x-0.7_LSM_before_mold_ventral_loc1_mean_extracted,100.051743,784,0.127780004,100.051743,784,0.127780004,8.311152905,Scra16_LSM_20x-0.7_LSM_before_mold_ventral_loc1_mean_extracted > S-filtered (Lambda-s 2.50 µm) > Leveled (LS-plane) > Form removed (LS-poly 8) > Thresholded (0.100 % ; 99.9 %),100.051743,784,0.127780004,100.051743,784,0.127780004,8.49467019,437.3308083,0.483787805,6.011990277,3466.293237,1460.580388,4926.873625,329.3369465,0.069695951,503.5606015,861.4578019,4.971890066,0.772010009,93.75175869,0.424908504,0.351231002,5.674495731,0.028970274,0.532561673,0.028970274,0.357951491,0.481534289,0.051027384,89.99550463,135.0324325,63.5317469,73.54355944,5262.719966,3061.363361,7270.008905,0.001619892,0.017007213,17.75026635,1.012654737,0.22926427
9/3/2025,16:15:32,D:\Data\Areti_Leventi\Areti_Leventi_June 2025 _Acquisitions_Templates\Template3_extracted_data\Template3 --- Scra16_LSM_20x-0.7_LSM_before_mold_ventral_loc2_mean_extracted.mnt,Scra16_LSM_20x-0.7_LSM_before_mold_ventral_loc2_mean_extracted,100.051743,784,0.127780004,100.051743,784,0.127780004,13.84058726,Scra16_LSM_20x-0.7_LSM_before_mold_ventral_loc2_mean_extracted > S-filtered (Lambda-s 2.50 µm) > Leveled (LS-plane) > Form removed (LS-poly 8) > Thresholded (0.100 % ; 99.9 %),100.051743,784,0.127780004,100.051743,784,0.127780004,14.01287875,615.7832499,0.143374075,3.698901556,2508.723242,2367.742713,4876.465954,474.7738998,1.18543554,775.87164,1213.142834,5.445761492,0.56972509,119.7517713,0.424908504,0.374334278,6.288912683,0.034931601,0.810749246,0.034931601,0.516194262,0.73929071,0.071458537,134.9816176,179.9994536,90.00476484,65.02401656,5044.82816,2158.157701,8260.064982,0.002286015,0.016799457,20.96166202,1.230427007,0.279354634
9/3/2025,16:15:48,D:\Data\Areti_Leventi\Areti_Leventi_June 2025 _Acquisitions_Templates\Template3_extracted_data\Template3 --- Scra16_LSM_20x-0.7_LSM_before_mold_ventral_loc3_mean_extracted.mnt,Scra16_LSM_20x-0.7_LSM_before_mold_ventral_loc3_mean_extracted,100.051743,784,0.127780004,100.051743,784,0.127780004,13.31086006,Scra16_LSM_20x-0.7_LSM_before_mold_ventral_loc3_mean_extracted > S-filtered (Lambda-s 2.50 µm) > Leveled (LS-plane) > Form removed (LS-poly 8) > Thresholded (0.100 % ; 99.9 %),100.051743,784,0.127780004,100.051743,784,0.127780004,13.48412771,728.8004426,-0.177988556,4.866987085,2937.90553,2961.45495,5899.36048,527.4293307,1.045441393,814.0261504,1628.713538,5.81351224,0.841080004,86.49498733,0.424908504,0.416859735,7.594139273,0.051168274,0.865150848,0.051168274,0.536060209,0.760081375,0.105069473,89.99984896,0.008306654,134.9948709,86.48779452,6801.395601,2583.353025,8104.97664,0.001028467,0.017247453,26.55289353,1.401045241,0.397124662
9/3/2025,16:16:04,D:\Data\Areti_Leventi\Areti_Leventi_June 2025 _Acquisitions_Templates\Template3_extracted_data\Template3 --- Scra16_LSM_20x-0.7_LSM_before_mold_ventral_loc4_mean_extracted.mnt,Scra16_LSM_20x-0.7_LSM_before_mold_ventral_loc4_mean_extracted,100.051743,784,0.127780004,100.051743,784,0.127780004,8.21923157,Scra16_LSM_20x-0.7_LSM_before_mold_ventral_loc4_mean_extracted > S-filtered (Lambda-s 2.50 µm) > Leveled (LS-plane) > Form removed (LS-poly 8) > Thresholded (0.100 % ; 99.9 %),100.051743,784,0.127780004,100.051743,784,0.127780004,8.402748855,523.2467327,-0.249376857,4.434631953,1843.253586,2482.942399,4326.195985,391.8891684,5.144151771,616.0149707,1114.382031,5.374707515,0.593151165,86.74687109,0.424908504,0.372854314,6.323570483,0.03091269,0.646935922,0.03091269,0.413711751,0.575955884,0.070980038,89.99320979,45.01250577,135.0138196,65.61110348,4095.705845,1617.469756,7121.622208,0.00221672,0.017237683,19.87722505,1.012654737,0.319828372
9/3/2025,16:16:20,D:\Data\Areti_Leventi\Areti_Leventi_June 2025 _Acquisitions_Templates\Template3_extracted_data\Template3 --- Scra17_LSM_20x-0.7_LSM_after_mold_ventral_loc1_mean_extracted.mnt,Scra17_LSM_20x-0.7_LSM_after_mold_ventral_loc1_mean_extracted,100.051743,784,0.127780004,100.051743,784,0.127780004,16.24014083,Scra17_LSM_20x-0.7_LSM_after_mold_ventral_loc1_mean_extracted > S-filtered (Lambda-s 2.50 µm) > Leveled (LS-plane) > Form removed (LS-poly 8) > Thresholded (0.100 % ; 99.9 %),100.051743,784,0.127780004,100.051743,784,0.127780004,16.40755154,473.7795641,-0.297985956,4.282493802,1716.996072,2241.801427,3958.7975,359.2858291,5.56886359,564.8022996,996.3353662,4.868315564,0.651592317,86.74915917,0.424908504,0.340907911,5.366702015,0.024946003,0.589764782,0.024946003,0.391922723,0.525711758,0.064053025,89.99149339,44.97778583,135.0021411,63.79215832,4312.80049,1471.036455,8292.710837,0.002227322,0.016906851,16.90755897,1.080586533,0.30511982
9/3/2025,16:16:36,D:\Data\Areti_Leventi\Areti_Leventi_June 2025 _Acquisitions_Templates\Template3_extracted_data\Template3 --- Scra17_LSM_20x-0.7_LSM_after_mold_ventral_loc2_mean_extracted.mnt,Scra17_LSM_20x-0.7_LSM_after_mold_ventral_loc2_mean_extracted,100.051743,784,0.127780004,100.051743,784,0.127780004,14.84570231,Scra17_LSM_20x-0.7_LSM_after_mold_ventral_loc2_mean_extracted > S-filtered (Lambda-s 2.50 µm) > Leveled (LS-plane) > Form removed (LS-poly 8) > Thresholded (0.100 % ; 99.9 %),100.051743,784,0.127780004,100.051743,784,0.127780004,15.0158788,488.9681076,-0.085352574,3.360738022,1832.506614,1775.636575,3608.143189,381.3459243,4.200328645,616.3379628,996.7318404,4.824586328,0.659537094,93.74600368,0.424908504,0.366832888,6.169645666,0.023742317,0.640102385,0.023742317,0.420707303,0.578119314,0.061983072,134.9997648,89.98080913,44.9892145,68.42823486,4034.047626,1620.882695,8549.450559,0.0026555,0.016881138,19.96053253,1.012654737,0.190392483
9/3/2025,16:16:52,D:\Data\Areti_Leventi\Areti_Leventi_June 2025 _Acquisitions_Templates\Template3_extracted_data\Template3 --- Scra17_LSM_20x-0.7_LSM_after_mold_ventral_loc3_mean_extracted.mnt,Scra17_LSM_20x-0.7_LSM_after_mold_ventral_loc3_mean_extracted,100.051743,784,0.127780004,100.051743,784,0.127780004,12.57369976,Scra17_LSM_20x-0.7_LSM_after_mold_ventral_loc3_mean_extracted > S-filtered (Lambda-s 2.50 µm) > Leveled (LS-plane) > Form removed (LS-poly 8) > Thresholded (0.100 % ; 99.9 %),100.051743,784,0.127780004,100.051743,784,0.127780004,12.74843164,532.9491592,0.083223421,3.399470241,1976.61997,1982.911598,3959.531568,416.5027519,3.579943211,665.0008475,1022.126486,5.729050916,0.735229784,81.75323211,0.424908504,0.357516248,5.82554151,0.029760944,0.694824738,0.029760944,0.472463967,0.635491821,0.059332917,89.99727976,116.4640286,45.0112426,81.16856708,3741.771314,1731.776731,7880.072409,0.001567657,0.017035274,19.4607995,1.15307539,0.305600089
9/3/2025,16:17:07,D:\Data\Areti_Leventi\Areti_Leventi_June 2025 _Acquisitions_Templates\Template3_extracted_data\Template3 --- Scra17_LSM_20x-0.7_LSM_after_mold_ventral_loc4_mean_extracted.mnt,Scra17_LSM_20x-0.7_LSM_after_mold_ventral_loc4_mean_extracted,100.051743,784,0.127780004,100.051743,784,0.127780004,12.5837867,Scra17_LSM_20x-0.7_LSM_after_mold_ventral_loc4_mean_extracted > S-filtered (Lambda-s 2.50 µm) > Leveled (LS-plane) > Form removed (LS-poly 8) > Thresholded (0.100 % ; 99.9 %),100.051743,784,0.127780004,100.051743,784,0.127780004,12.75851859,638.3373587,0.218825721,3.067112333,2386.75484,1755.411736,4142.166576,505.3377024,2.204695006,831.5082631,1203.210018,5.69470673,0.802248758,98.26071595,0.424908504,0.388818496,6.879844179,0.035812271,0.867301134,0.035812271,0.566796162,0.801113896,0.066187237,89.99985174,135.0060201,179.9969178,80.51931888,4185.085357,2087.995144,7741.515482,0.001640228,0.017103872,20.83204398,1.312967594,0.191616684
9/3/2025,16:17:23,D:\Data\Areti_Leventi\Areti_Leventi_June 2025 _Acquisitions_Templates\Template3_extracted_data\Template3 --- Scra17_LSM_20x-0.7_LSM_before_mold_ventral_loc1_mean_extracted.mnt,Scra17_LSM_20x-0.7_LSM_before_mold_ventral_loc1_mean_extracted,100.051743,784,0.127780004,100.051743,784,0.127780004,16.49638172,Scra17_LSM_20x-0.7_LSM_before_mold_ventral_loc1_mean_extracted > S-filtered (Lambda-s 2.50 µm) > Leveled (LS-plane) > Form removed (LS-poly 8) > Thresholded (0.100 % ; 99.9 %),100.051743,784,0.127780004,100.051743,784,0.127780004,16.66330435,524.1161681,0.153791559,3.384159379,2118.960758,1699.05122,3818.011979,411.6513133,2.045866926,655.1013483,1006.561416,5.15389965,0.777916739,35.99358031,0.424908504,0.404311609,7.394706621,0.029380389,0.684485328,0.029380389,0.463456932,0.627426939,0.057058389,179.9882456,44.97349293,135.020175,76.57155706,3838.730126,1811.077909,8580.190863,0.001057781,0.017651578,25.95923489,1.15307539,0.246911704
9/3/2025,16:17:39,D:\Data\Areti_Leventi\Areti_Leventi_June 2025 _Acquisitions_Templates\Template3_extracted_data\Template3 --- Scra17_LSM_20x-0.7_LSM_before_mold_ventral_loc2_mean_extracted.mnt,Scra17_LSM_20x-0.7_LSM_before_mold_ventral_loc2_mean_extracted,100.051743,784,0.127780004,100.051743,784,0.127780004,15.20915764,Scra17_LSM_20x-0.7_LSM_before_mold_ventral_loc2_mean_extracted > S-filtered (Lambda-s 2.50 µm) > Leveled (LS-plane) > Form removed (LS-poly 8) > Thresholded (0.100 % ; 99.9 %),100.051743,784,0.127780004,100.051743,784,0.127780004,15.37884605,524.5376113,0.569677196,4.807428613,2415.983276,1612.352513,4028.335789,395.3092152,1.630266383,597.6041973,977.6023886,5.75673384,0.912965291,28.50829381,0.424908504,0.350513796,5.601959522,0.039609065,0.63727082,0.039609065,0.426383495,0.581259219,0.056011601,44.99537972,89.99052301,0.005992968,88.48560938,4292.818719,2063.726195,8142.471146,0.001375051,0.017841047,18.47639836,1.230427007,0.515994106
9/3/2025,16:17:55,D:\Data\Areti_Leventi\Areti_Leventi_June 2025 _Acquisitions_Templates\Template3_extracted_data\Template3 --- Scra17_LSM_20x-0.7_LSM_before_mold_ventral_loc3_mean_extracted.mnt,Scra17_LSM_20x-0.7_LSM_before_mold_ventral_loc3_mean_extracted,100.051743,784,0.127780004,100.051743,784,0.127780004,14.2544773,Scra17_LSM_20x-0.7_LSM_before_mold_ventral_loc3_mean_extracted > S-filtered (Lambda-s 2.50 µm) > Leveled (LS-plane) > Form removed (LS-poly 8) > Thresholded (0.100 % ; 99.9 %),100.051743,784,0.127780004,100.051743,784,0.127780004,14.42546725,533.5807699,0.17552595,3.306539237,2070.155514,1561.162765,3631.318279,415.5791598,2.845635527,683.015332,1032.813182,5.553216105,0.828189843,151.7487401,0.424908504,0.367134464,6.145770503,0.03052808,0.71358226,0.03052808,0.465731933,0.653758507,0.059823752,44.9843084,179.9819333,90.00369651,85.06845431,3604.893439,1778.261387,8211.845914,0.0001784,0.017712011,19.43860115,1.080586533,0.236968309
9/3/2025,16:18:11,D:\Data\Areti_Leventi\Areti_Leventi_June 2025 _Acquisitions_Templates\Template3_extracted_data\Template3 --- Scra17_LSM_20x-0.7_LSM_before_mold_ventral_loc4_mean_extracted.mnt,Scra17_LSM_20x-0.7_LSM_before_mold_ventral_loc4_mean_extracted,100.051743,784,0.127780004,100.051743,784,0.127780004,16.40201999,Scra17_LSM_20x-0.7_LSM_before_mold_ventral_loc4_mean_extracted > S-filtered (Lambda-s 2.50 µm) > Leveled (LS-plane) > Form removed (LS-poly 8) > Thresholded (0.100 % ; 99.9 %),100.051743,784,0.127780004,100.051743,784,0.127780004,16.56926801,684.2428391,0.150698207,2.990583612,2274.583302,2030.181578,4304.76488,541.5832222,3.88429208,884.3016916,1285.747378,5.829542482,0.843173039,93.26049133,0.424908504,0.419723354,7.924443727,0.036586215,0.920900789,0.036586215,0.609689084,0.846860023,0.074040766,135.0113827,89.99714215,44.98976375,86.54289558,4276.974129,2005.096037,9044.194199,0.001318356,0.017232148,22.63907348,1.312967594,0.125731114
9/3/2025,16:18:27,D:\Data\Areti_Leventi\Areti_Leventi_June 2025 _Acquisitions_Templates\Template3_extracted_data\Template3 --- Scra21_LSM_20x-0.7_LSM_after_mold_ventral_loc1_mean_extracted.mnt,Scra21_LSM_20x-0.7_LSM_after_mold_ventral_loc1_mean_extracted,97.11280291,761,0.127780004,100.051743,784,0.127780004,22.47345062,Scra21_LSM_20x-0.7_LSM_after_mold_ventral_loc1_mean_extracted > S-filtered (Lambda-s 2.50 µm) > Leveled (LS-plane) > Form removed (LS-poly 8) > Thresholded (0.100 % ; 99.9 %),97.11280291,761,0.127780004,100.051743,784,0.127780004,22.62848964,588.4516861,0.31210305,3.30542193,2203.135301,1601.150907,3804.286208,460.3987307,3.008718058,755.2411669,1090.086378,5.46888513,0.811454621,12.75117744,0.418714339,0.358152045,5.845710443,0.035419376,0.790644735,0.035419376,0.50457176,0.727711223,0.062933512,27.25845449,45.69686284,0.005312769,81.39797646,4186.58379,1794.281559,9711.901283,0.000299001,0.017524254,18.74536075,1.129141677,0.214639773
9/3/2025,16:18:42,D:\Data\Areti_Leventi\Areti_Leventi_June 2025 _Acquisitions_Templates\Template3_extracted_data\Template3 --- Scra21_LSM_20x-0.7_LSM_after_mold_ventral_loc2_mean_extracted.mnt,Scra21_LSM_20x-0.7_LSM_after_mold_ventral_loc2_mean_extracted,100.051743,784,0.127780004,100.051743,784,0.127780004,12.99816483,Scra21_LSM_20x-0.7_LSM_after_mold_ventral_loc2_mean_extracted > S-filtered (Lambda-s 2.50 µm) > Leveled (LS-plane) > Form removed (LS-poly 8) > Thresholded (0.100 % ; 99.9 %),100.051743,784,0.127780004,100.051743,784,0.127780004,13.17224594,551.3157571,-0.115753717,3.130713154,1705.255829,1764.488679,3469.744508,430.8835479,9.81531412,698.8407528,1169.678826,5.308047039,0.555804622,50.98882622,0.424908504,0.356275633,5.889797839,0.026257244,0.725093389,0.026257244,0.48356531,0.655066844,0.070026545,45.00965739,89.99979692,0.008841781,64.09347944,3479.396516,1519.704099,8139.808622,0.002404657,0.017322095,16.72983538,1.080586533,0.182623565
9/3/2025,16:18:58,D:\Data\Areti_Leventi\Areti_Leventi_June 2025 _Acquisitions_Templates\Template3_extracted_data\Template3 --- Scra21_LSM_20x-0.7_LSM_after_mold_ventral_loc3_mean_extracted.mnt,Scra21_LSM_20x-0.7_LSM_after_mold_ventral_loc3_mean_extracted,100.051743,784,0.127780004,100.051743,784,0.127780004,14.80665608,Scra21_LSM_20x-0.7_LSM_after_mold_ventral_loc3_mean_extracted > S-filtered (Lambda-s 2.50 µm) > Leveled (LS-plane) > Form removed (LS-poly 8) > Thresholded (0.100 % ; 99.9 %),100.051743,784,0.127780004,100.051743,784,0.127780004,14.97699526,585.5325658,0.348070324,3.802934238,2287.469854,2087.624061,4375.093916,445.6455331,2.690012478,741.7261259,1074.169041,5.095130561,0.544797648,36.2486234,0.424908504,0.368508548,6.158966556,0.040096281,0.781876291,0.040096281,0.48394015,0.719193764,0.062682527,134.9898477,0.009506208,26.47225109,64.96860881,4321.377748,1938.02119,8319.43773,0.003144669,0.018348503,20.25456374,1.312967594,0.295477826
9/3/2025,16:19:14,D:\Data\Areti_Leventi\Areti_Leventi_June 2025 _Acquisitions_Templates\Template3_extracted_data\Template3 --- Scra21_LSM_20x-0.7_LSM_after_mold_ventral_loc4_mean_extracted.mnt,Scra21_LSM_20x-0.7_LSM_after_mold_ventral_loc4_mean_extracted,100.051743,784,0.127780004,100.051743,784,0.127780004,8.149599125,Scra21_LSM_20x-0.7_LSM_after_mold_ventral_loc4_mean_extracted > S-filtered (Lambda-s 2.50 µm) > Leveled (LS-plane) > Form removed (LS-poly 8) > Thresholded (0.100 % ; 99.9 %),100.051743,784,0.127780004,100.051743,784,0.127780004,8.333441795,462.9315333,0.037481293,3.350299542,1608.182295,1654.922983,3263.105278,363.057063,9.504244702,592.4816592,875.4981729,5.119289812,0.748758856,8.512598153,0.424908504,0.332230488,5.163046513,0.024789399,0.617255208,0.024789399,0.396020803,0.564405055,0.052850153,135.0475337,0.008561733,56.22895163,73.56742081,3207.733816,1399.463693,6827.805954,0.000962659,0.017803715,14.63001114,1.080586533,0.1489784
9/3/2025,16:19:30,D:\Data\Areti_Leventi\Areti_Leventi_June 2025 _Acquisitions_Templates\Template3_extracted_data\Template3 --- Scra21_LSM_20x-0.7_LSM_before_mold_ventral_loc1_mean_extracted.mnt,Scra21_LSM_20x-0.7_LSM_before_mold_ventral_loc1_mean_extracted,97.11280291,761,0.127780004,100.051743,784,0.127780004,17.24838424,Scra21_LSM_20x-0.7_LSM_before_mold_ventral_loc1_mean_extracted > S-filtered (Lambda-s 2.50 µm) > Leveled (LS-plane) > Form removed (LS-poly 8) > Thresholded (0.100 % ; 99.9 %),97.11280291,761,0.127780004,100.051743,784,0.127780004,17.41381507,591.962143,0.191190583,3.958394892,2572.562794,2093.459766,4666.02256,450.8699735,1.029428795,730.1634064,1158.527012,6.203936107,0.874524796,148.7513097,0.418714339,0.354684348,5.741260877,0.038052804,0.768253152,0.038052804,0.48150353,0.699411013,0.068842139,152.7190893,89.99627588,27.27950196,87.37275412,4749.482285,2166.593263,8809.064363,0.001225667,0.017300033,18.51823915,1.204526773,0.243901054
9/3/2025,16:19:45,D:\Data\Areti_Leventi\Areti_Leventi_June 2025 _Acquisitions_Templates\Template3_extracted_data\Template3 --- Scra21_LSM_20x-0.7_LSM_before_mold_ventral_loc2_mean_extracted.mnt,Scra21_LSM_20x-0.7_LSM_before_mold_ventral_loc2_mean_extracted,100.051743,784,0.127780004,100.051743,784,0.127780004,14.71538552,Scra21_LSM_20x-0.7_LSM_before_mold_ventral_loc2_mean_extracted > S-filtered (Lambda-s 2.50 µm) > Leveled (LS-plane) > Form removed (LS-poly 8) > Thresholded (0.100 % ; 99.9 %),100.051743,784,0.127780004,100.051743,784,0.127780004,14.88605008,649.4836129,0.336266663,4.123525283,3081.530582,1898.499191,4980.029773,502.2451101,0.632898736,771.7290972,1272.025357,6.401168813,0.774281318,50.75030135,0.424908504,0.416300453,7.68186065,0.04148572,0.813174291,0.04148572,0.549045055,0.738736024,0.074438267,44.96467987,89.98425794,63.55243031,78.68686806,5067.609047,2615.805581,8391.57046,0.000774373,0.017426237,25.45691301,1.401045241,0.263905136
9/3/2025,16:20:01,D:\Data\Areti_Leventi\Areti_Leventi_June 2025 _Acquisitions_Templates\Template3_extracted_data\Template3 --- Scra21_LSM_20x-0.7_LSM_before_mold_ventral_loc3_mean_extracted.mnt,Scra21_LSM_20x-0.7_LSM_before_mold_ventral_loc3_mean_extracted,100.051743,784,0.127780004,100.051743,784,0.127780004,16.4394393,Scra21_LSM_20x-0.7_LSM_before_mold_ventral_loc3_mean_extracted > S-filtered (Lambda-s 2.50 µm) > Leveled (LS-plane) > Form removed (LS-poly 8) > Thresholded (0.100 % ; 99.9 %),100.051743,784,0.127780004,100.051743,784,0.127780004,16.60652463,525.4680747,0.392823551,3.524110682,2181.255266,1523.671952,3704.927218,413.9495289,2.258250583,645.4203319,936.87917,5.525380873,0.774444406,114.7474355,0.424908504,0.373498176,6.34685705,0.034483076,0.679896225,0.034483076,0.464347339,0.630136493,0.049759733,89.99617205,44.99941673,179.9853124,82.2109677,3832.925945,1863.414117,8732.169253,0.000925825,0.01794171,21.26196646,1.15307539,0.181074561
9/3/2025,16:20:17,D:\Data\Areti_Leventi\Areti_Leventi_June 2025 _Acquisitions_Templates\Template3_extracted_data\Template3 --- Scra21_LSM_20x-0.7_LSM_before_mold_ventral_loc4_mean_extracted.mnt,Scra21_LSM_20x-0.7_LSM_before_mold_ventral_loc4_mean_extracted,100.051743,784,0.127780004,100.051743,784,0.127780004,7.942816795,Scra21_LSM_20x-0.7_LSM_before_mold_ventral_loc4_mean_extracted > S-filtered (Lambda-s 2.50 µm) > Leveled (LS-plane) > Form removed (LS-poly 8) > Thresholded (0.100 % ; 99.9 %),100.051743,784,0.127780004,100.051743,784,0.127780004,8.126822157,465.7941725,0.189920617,3.284960914,1578.366892,1557.854792,3136.221684,364.7724989,11.03269247,611.3102862,859.7582403,5.13705294,0.724808539,73.00049077,0.424908504,0.341407353,5.423704219,0.026095907,0.637420461,0.026095907,0.396561541,0.586618177,0.050802284,135.0414044,45.00252699,90.01708645,72.38706933,3006.311715,1393.112274,6952.37334,0.000907266,0.017561434,15.41287664,1.080586533,0.100058149
9/3/2025,16:20:32,D:\Data\Areti_Leventi\Areti_Leventi_June 2025 _Acquisitions_Templates\Template3_extracted_data\Template3 --- Scra25_LSM_20x-0.7_LSM_after_mold_ventral_loc1_mean_extracted.mnt,Scra25_LSM_20x-0.7_LSM_after_mold_ventral_loc1_mean_extracted,99.79618299,782,0.127780004,100.051743,784,0.127780004,5.669822277,Scra25_LSM_20x-0.7_LSM_after_mold_ventral_loc1_mean_extracted > S-filtered (Lambda-s 2.50 µm) > Leveled (LS-plane) > Form removed (LS-poly 8) > Thresholded (0.100 % ; 99.9 %),99.79618299,782,0.127780004,100.051743,784,0.127780004,5.858375959,373.4984129,0.196457561,3.563664101,1582.344068,1225.993432,2808.3375,290.8399351,5.852974989,465.6977973,715.3569871,5.420697749,0.580397447,64.9942559,0.424366184,0.276151014,3.606743844,0.021915353,0.487610305,0.021915353,0.317560317,0.445419704,0.042190601,90.01550007,63.5248077,116.5138824,62.57252901,2776.037892,1160.384687,6342.800022,0.002656972,0.017513522,10.19115438,1.078671731,0.18716492
9/3/2025,16:20:48,D:\Data\Areti_Leventi\Areti_Leventi_June 2025 _Acquisitions_Templates\Template3_extracted_data\Template3 --- Scra25_LSM_20x-0.7_LSM_after_mold_ventral_loc2_mean_extracted.mnt,Scra25_LSM_20x-0.7_LSM_after_mold_ventral_loc2_mean_extracted,100.051743,784,0.127780004,100.051743,784,0.127780004,18.20367815,Scra25_LSM_20x-0.7_LSM_after_mold_ventral_loc2_mean_extracted > S-filtered (Lambda-s 2.50 µm) > Leveled (LS-plane) > Form removed (LS-poly 8) > Thresholded (0.100 % ; 99.9 %),100.051743,784,0.127780004,100.051743,784,0.127780004,18.36718425,574.3684899,-3.101038467,45.60807373,2240.24662,9445.321402,11685.56802,392.746156,1.254019365,633.2123514,934.314342,5.589738786,0.676836598,93.00196585,0.424908504,0.344714569,5.094008493,0.03084663,0.664007606,0.03084663,0.403423849,0.597591739,0.066415867,90.00745773,44.9951921,63.53581225,67.25423969,9343.420156,1886.467831,8646.19326,0.002230367,0.016631524,16.03892716,1.230427007,0.503033635
9/3/2025,16:21:04,D:\Data\Areti_Leventi\Areti_Leventi_June 2025 _Acquisitions_Templates\Template3_extracted_data\Template3 --- Scra25_LSM_20x-0.7_LSM_after_mold_ventral_loc3_mean_extracted.mnt,Scra25_LSM_20x-0.7_LSM_after_mold_ventral_loc3_mean_extracted,100.051743,784,0.127780004,100.051743,784,0.127780004,8.176280716,Scra25_LSM_20x-0.7_LSM_after_mold_ventral_loc3_mean_extracted > S-filtered (Lambda-s 2.50 µm) > Leveled (LS-plane) > Form removed (LS-poly 8) > Thresholded (0.100 % ; 99.9 %),100.051743,784,0.127780004,100.051743,784,0.127780004,8.359798001,480.2972762,-0.101960898,4.566993706,1922.879938,2427.510079,4350.390018,361.2394747,3.409969067,581.2381362,934.8181426,5.832833733,0.910429844,175.7451914,0.424908504,0.305756617,4.348405432,0.029200862,0.610444075,0.029200862,0.383386836,0.54991825,0.060525825,0.006755462,90.00600211,44.99189337,95.08730402,4457.536282,1618.73597,6876.646911,0.002075246,0.016879236,13.25188741,1.15307539,0.286034827
9/3/2025,16:21:20,D:\Data\Areti_Leventi\Areti_Leventi_June 2025 _Acquisitions_Templates\Template3_extracted_data\Template3 --- Scra25_LSM_20x-0.7_LSM_after_mold_ventral_loc4_mean_extracted.mnt,Scra25_LSM_20x-0.7_LSM_after_mold_ventral_loc4_mean_extracted,100.051743,784,0.127780004,100.051743,784,0.127780004,9.716166441,Scra25_LSM_20x-0.7_LSM_after_mold_ventral_loc4_mean_extracted > S-filtered (Lambda-s 2.50 µm) > Leveled (LS-plane) > Form removed (LS-poly 8) > Thresholded (0.100 % ; 99.9 %),100.051743,784,0.127780004,100.051743,784,0.127780004,9.896755258,442.7706082,-0.06232074,3.005025126,1491.555095,1391.574586,2883.129681,351.0329054,13.17690253,561.5079285,920.283804,5.453197929,0.859113529,33.74369209,0.424908504,0.324684318,4.923591601,0.020802655,0.58229059,0.020802655,0.39955994,0.530455884,0.051834707,45.0062722,179.9927421,33.74036164,87.2925533,2920.129636,1331.547002,7310.472342,0.000733724,0.01780436,14.18348266,1.012654737,0.169567151
9/3/2025,16:21:35,D:\Data\Areti_Leventi\Areti_Leventi_June 2025 _Acquisitions_Templates\Template3_extracted_data\Template3 --- Scra25_LSM_20x-0.7_LSM_before_mold_ventral_loc1_mean_extracted.mnt,Scra25_LSM_20x-0.7_LSM_before_mold_ventral_loc1_mean_extracted,99.79618299,782,0.127780004,100.051743,784,0.127780004,9.028720184,Scra25_LSM_20x-0.7_LSM_before_mold_ventral_loc1_mean_extracted > S-filtered (Lambda-s 2.50 µm) > Leveled (LS-plane) > Form removed (LS-poly 8) > Thresholded (0.100 % ; 99.9 %),99.79618299,782,0.127780004,100.051743,784,0.127780004,9.210586408,400.4771777,0.170122068,3.494574401,1623.644469,1409.510867,3033.155336,312.1182561,5.590924444,497.1974278,771.5132079,5.490501519,0.658268906,54.00076207,0.424366184,0.310850129,4.50705213,0.02301079,0.52023229,0.02301079,0.347921722,0.474943881,0.045288409,63.47766885,44.94073482,0.011893616,67.10080227,3253.424142,1407.152311,7251.998623,0.00254496,0.017844637,13.87228779,1.078671731,0.15316904
9/3/2025,16:21:51,D:\Data\Areti_Leventi\Areti_Leventi_June 2025 _Acquisitions_Templates\Template3_extracted_data\Template3 --- Scra25_LSM_20x-0.7_LSM_before_mold_ventral_loc2_mean_extracted.mnt,Scra25_LSM_20x-0.7_LSM_before_mold_ventral_loc2_mean_extracted,100.051743,784,0.127780004,100.051743,784,0.127780004,15.82315962,Scra25_LSM_20x-0.7_LSM_before_mold_ventral_loc2_mean_extracted > S-filtered (Lambda-s 2.50 µm) > Leveled (LS-plane) > Form removed (LS-poly 8) > Thresholded (0.100 % ; 99.9 %),100.051743,784,0.127780004,100.051743,784,0.127780004,15.9913838,413.3544307,-0.131522222,3.792988664,1444.00633,1766.855745,3210.862074,319.1931404,12.9433296,511.3002757,836.3029197,5.378359602,0.620743381,68.99938056,0.424908504,0.312538354,4.555356693,0.021779029,0.533039154,0.021779029,0.346887827,0.481455004,0.05158415,90.0101508,0.012104548,45.02164771,72.73671044,3219.374112,1240.916637,8420.657267,0.00076972,0.017348198,14.61965821,1.080586533,0.150819439
9/3/2025,16:22:07,D:\Data\Areti_Leventi\Areti_Leventi_June 2025 _Acquisitions_Templates\Template3_extracted_data\Template3 --- Scra25_LSM_20x-0.7_LSM_before_mold_ventral_loc3_mean_extracted.mnt,Scra25_LSM_20x-0.7_LSM_before_mold_ventral_loc3_mean_extracted,100.051743,784,0.127780004,100.051743,784,0.127780004,16.06020278,Scra25_LSM_20x-0.7_LSM_before_mold_ventral_loc3_mean_extracted > S-filtered (Lambda-s 2.50 µm) > Leveled (LS-plane) > Form removed (LS-poly 8) > Thresholded (0.100 % ; 99.9 %),100.051743,784,0.127780004,100.051743,784,0.127780004,16.22810157,498.9645318,-0.040344169,4.066183278,1909.037216,2077.936403,3986.973619,377.9957628,4.029131703,607.5628323,992.7076462,5.815101184,0.921912211,50.99301474,0.424908504,0.325089656,4.873550451,0.030156598,0.637700694,0.030156598,0.403849636,0.574848792,0.062851902,89.99556768,179.993549,26.47635594,95.16025322,4312.727027,1621.41292,8498.93379,0.001481267,0.017025152,15.453352,1.230427007,0.195937193
9/3/2025,16:22:22,D:\Data\Areti_Leventi\Areti_Leventi_June 2025 _Acquisitions_Templates\Template3_extracted_data\Template3 --- Scra25_LSM_20x-0.7_LSM_before_mold_ventral_loc4_mean_extracted.mnt,Scra25_LSM_20x-0.7_LSM_before_mold_ventral_loc4_mean_extracted,100.051743,784,0.127780004,100.051743,784,0.127780004,8.749934923,Scra25_LSM_20x-0.7_LSM_before_mold_ventral_loc4_mean_extracted > S-filtered (Lambda-s 2.50 µm) > Leveled (LS-plane) > Form removed (LS-poly 8) > Thresholded (0.100 % ; 99.9 %),100.051743,784,0.127780004,100.051743,784,0.127780004,8.932150666,419.9978511,-0.029714649,3.366626208,1596.552546,1318.38097,2914.933517,327.0475617,7.123884591,512.8649938,897.5548391,5.767203536,0.884639381,3.513223453,0.424908504,0.286633201,3.870426511,0.022662412,0.535566715,0.022662412,0.364165363,0.483339665,0.05222705,44.99962733,179.9891225,134.9941387,88.39193115,2977.734893,1411.123921,7206.022353,0.000157607,0.017677516,11.1871122,0.94899352,0.163700238
9/3/2025,16:22:38,D:\Data\Areti_Leventi\Areti_Leventi_June 2025 _Acquisitions_Templates\Template3_extracted_data\Template3 --- Scra26_LSM_20x-0.7_LSM_after_mold_ventral_loc1_mean_extracted.mnt,Scra26_LSM_20x-0.7_LSM_after_mold_ventral_loc1_mean_extracted,100.051743,784,0.127780004,100.051743,784,0.127780004,2.103941066,Scra26_LSM_20x-0.7_LSM_after_mold_ventral_loc1_mean_extracted > S-filtered (Lambda-s 2.50 µm) > Leveled (LS-plane) > Form removed (LS-poly 8) > Thresholded (0.100 % ; 99.9 %),100.051743,784,0.127780004,100.051743,784,0.127780004,2.29982299,307.2428073,0.187279061,3.039965615,1104.167119,875.1660944,1979.333213,245.0511872,35.72728441,395.457985,573.6377028,5.085529985,0.806103718,129.2513768,0.424908504,0.240163366,2.779315264,0.01650108,0.411977526,0.01650108,0.271892067,0.379820808,0.032156718,90.00202926,135.0317109,0.004792652,77.12299346,1402.293097,583.941112,5523.281326,0.001973014,0.017149913,6.676743458,1.080586533,0.109212898
9/3/2025,16:22:53,D:\Data\Areti_Leventi\Areti_Leventi_June 2025 _Acquisitions_Templates\Template3_extracted_data\Template3 --- Scra26_LSM_20x-0.7_LSM_after_mold_ventral_loc2_mean_extracted.mnt,Scra26_LSM_20x-0.7_LSM_after_mold_ventral_loc2_mean_extracted,100.051743,784,0.127780004,100.051743,784,0.127780004,3.090021085,Scra26_LSM_20x-0.7_LSM_after_mold_ventral_loc2_mean_extracted > S-filtered (Lambda-s 2.50 µm) > Leveled (LS-plane) > Form removed (LS-poly 8) > Thresholded (0.100 % ; 99.9 %),100.051743,784,0.127780004,100.051743,784,0.127780004,3.283788005,315.0246399,-0.0336508,3.738613091,1152.841084,1183.691584,2336.532668,242.7297548,29.93236227,372.0676633,640.5101487,5.22050176,0.546921079,39.25185162,0.424908504,0.264139481,3.331965924,0.018719027,0.390813932,0.018719027,0.265503315,0.351381019,0.039432913,90.01557022,45.00456564,134.9984751,58.8790019,1884.142445,589.7930894,6048.524942,0.001249513,0.017113556,8.958262952,0.94899352,0.13560597
9/3/2025,16:23:09,D:\Data\Areti_Leventi\Areti_Leventi_June 2025 _Acquisitions_Templates\Template3_extracted_data\Template3 --- Scra26_LSM_20x-0.7_LSM_after_mold_ventral_loc3_mean_extracted.mnt,Scra26_LSM_20x-0.7_LSM_after_mold_ventral_loc3_mean_extracted,100.051743,784,0.127780004,100.051743,784,0.127780004,9.41648662,Scra26_LSM_20x-0.7_LSM_after_mold_ventral_loc3_mean_extracted > S-filtered (Lambda-s 2.50 µm) > Leveled (LS-plane) > Form removed (LS-poly 8) > Thresholded (0.100 % ; 99.9 %),100.051743,784,0.127780004,100.051743,784,0.127780004,9.597563515,426.3785753,0.329483515,4.004909746,1932.962336,1538.181409,3471.143744,326.7756465,2.63575616,521.9776376,777.5930968,6.113245892,0.736888825,140.7451735,0.424908504,0.284717505,3.801138657,0.02894864,0.55090982,0.02894864,0.348744205,0.504312913,0.046596908,134.9801679,89.99303912,179.9967932,78.74865584,3593.137921,1630.983708,7208.95622,0.002542021,0.017568628,11.37591746,1.080586533,0.498675684
9/3/2025,16:23:25,D:\Data\Areti_Leventi\Areti_Leventi_June 2025 _Acquisitions_Templates\Template3_extracted_data\Template3 --- Scra26_LSM_20x-0.7_LSM_after_mold_ventral_loc4_mean_extracted.mnt,Scra26_LSM_20x-0.7_LSM_after_mold_ventral_loc4_mean_extracted,100.051743,784,0.127780004,100.051743,784,0.127780004,6.964871408,Scra26_LSM_20x-0.7_LSM_after_mold_ventral_loc4_mean_extracted > S-filtered (Lambda-s 2.50 µm) > Leveled (LS-plane) > Form removed (LS-poly 8) > Thresholded (0.100 % ; 99.9 %),100.051743,784,0.127780004,100.051743,784,0.127780004,7.150666389,381.3990292,0.058641734,3.21691317,1322.166978,1224.937985,2547.104963,299.2260155,18.89641353,477.3263131,754.1626742,5.7438799,0.839527014,132.2587946,0.424908504,0.27535505,3.606230651,0.021023223,0.498354287,0.021023223,0.331887978,0.453825401,0.044528886,134.9978621,0.000977907,89.98747094,78.98000954,2407.596091,1147.147054,6734.339328,0.00229221,0.016845103,9.479947278,1.012654737,0.151898478
9/3/2025,16:23:40,D:\Data\Areti_Leventi\Areti_Leventi_June 2025 _Acquisitions_Templates\Template3_extracted_data\Template3 --- Scra26_LSM_20x-0.7_LSM_before_mold_ventral_loc1_mean_extracted.mnt,Scra26_LSM_20x-0.7_LSM_before_mold_ventral_loc1_mean_extracted,100.051743,784,0.127780004,100.051743,784,0.127780004,3.412965952,Scra26_LSM_20x-0.7_LSM_before_mold_ventral_loc1_mean_extracted > S-filtered (Lambda-s 2.50 µm) > Leveled (LS-plane) > Form removed (LS-poly 8) > Thresholded (0.100 % ; 99.9 %),100.051743,784,0.127780004,100.051743,784,0.127780004,3.606082101,324.6235539,0.213279963,3.021863286,1243.992329,923.2470631,2167.239392,258.5269448,22.12579056,422.5656624,591.3408122,4.987168241,0.8361955,93.75100837,0.566544672,0.292208462,4.05195178,0.017442673,0.439989398,0.017442673,0.28781088,0.406383791,0.033605607,90.00602235,135.0243548,44.99325663,77.60990328,1608.332376,688.4080835,6059.662655,0.001330908,0.017167457,11.47167012,0.94899352,0.155549797
9/3/2025,16:23:56,D:\Data\Areti_Leventi\Areti_Leventi_June 2025 _Acquisitions_Templates\Template3_extracted_data\Template3 --- Scra26_LSM_20x-0.7_LSM_before_mold_ventral_loc2_mean_extracted.mnt,Scra26_LSM_20x-0.7_LSM_before_mold_ventral_loc2_mean_extracted,100.051743,784,0.127780004,100.051743,784,0.127780004,4.867112661,Scra26_LSM_20x-0.7_LSM_before_mold_ventral_loc2_mean_extracted > S-filtered (Lambda-s 2.50 µm) > Leveled (LS-plane) > Form removed (LS-poly 8) > Thresholded (0.100 % ; 99.9 %),100.051743,784,0.127780004,100.051743,784,0.127780004,5.056974958,304.5316773,-0.098308695,3.747891506,1078.133865,1230.627069,2308.760934,235.7941825,39.65322915,364.637825,613.3656455,5.027709405,0.536306523,111.0058114,0.424908504,0.276654423,3.649494698,0.017134696,0.381783609,0.017134696,0.25828685,0.343957634,0.037825976,89.99824252,45.02326343,134.9868379,57.31916063,2279.481234,825.3058978,6714.935503,0.001397248,0.017062418,10.4519849,0.94899352,0.130128442
9/3/2025,16:24:12,D:\Data\Areti_Leventi\Areti_Leventi_June 2025 _Acquisitions_Templates\Template3_extracted_data\Template3 --- Scra26_LSM_20x-0.7_LSM_before_mold_ventral_loc3_mean_extracted.mnt,Scra26_LSM_20x-0.7_LSM_before_mold_ventral_loc3_mean_extracted,100.051743,784,0.127780004,100.051743,784,0.127780004,12.83807528,Scra26_LSM_20x-0.7_LSM_before_mold_ventral_loc3_mean_extracted > S-filtered (Lambda-s 2.50 µm) > Leveled (LS-plane) > Form removed (LS-poly 8) > Thresholded (0.100 % ; 99.9 %),100.051743,784,0.127780004,100.051743,784,0.127780004,13.01248178,417.8681758,0.263738455,3.778695783,1707.987865,1540.887764,3248.875629,321.8348605,5.194501739,516.2525989,774.1551625,5.844354549,0.288748373,107.0041413,0.424908504,0.301061747,4.219203725,0.027507058,0.543731088,0.027507058,0.347352828,0.498556735,0.045174353,44.97238686,134.9668307,89.98176008,77.38815175,3378.586388,1475.267201,7949.457502,0.001464636,0.017338578,13.0066057,1.080586533,0.419323481
9/3/2025,16:24:27,D:\Data\Areti_Leventi\Areti_Leventi_June 2025 _Acquisitions_Templates\Template3_extracted_data\Template3 --- Scra26_LSM_20x-0.7_LSM_before_mold_ventral_loc4_mean_extracted.mnt,Scra26_LSM_20x-0.7_LSM_before_mold_ventral_loc4_mean_extracted,100.051743,784,0.127780004,100.051743,784,0.127780004,7.767596835,Scra26_LSM_20x-0.7_LSM_before_mold_ventral_loc4_mean_extracted > S-filtered (Lambda-s 2.50 µm) > Leveled (LS-plane) > Form removed (LS-poly 8) > Thresholded (0.100 % ; 99.9 %),100.051743,784,0.127780004,100.051743,784,0.127780004,7.95176489,386.9930395,0.047951333,3.317682391,1417.112562,1373.801465,2790.914027,303.36651,12.85909125,481.4721826,757.4375288,5.736736394,0.798431477,137.7437965,0.424908504,0.28669343,3.890825893,0.021715088,0.503221297,0.021715088,0.335711502,0.458325268,0.044896029,135.0084059,179.9978493,90.0172072,74.21735168,2507.599547,1230.461913,6952.282145,0.002419675,0.016871423,10.35075437,0.94899352,0.181662475
9/3/2025,16:24:43,D:\Data\Areti_Leventi\Areti_Leventi_June 2025 _Acquisitions_Templates\Template3_extracted_data\Template3 --- Scra7_LSM_20x-0.7_LSM_after_mold_ventral_loc1_mean_extracted.mnt,Scra7_LSM_20x-0.7_LSM_after_mold_ventral_loc1_mean_extracted,100.051743,784,0.127780004,100.051743,784,0.127780004,16.52664254,Scra7_LSM_20x-0.7_LSM_after_mold_ventral_loc1_mean_extracted > S-filtered (Lambda-s 2.50 µm) > Leveled (LS-plane) > Form removed (LS-poly 8) > Thresholded (0.100 % ; 99.9 %),100.051743,784,0.127780004,100.051743,784,0.127780004,16.69356518,517.7693349,-0.320521595,3.720009261,1579.465843,2045.811999,3625.277842,399.0609008,12.03535291,635.0017453,1193.186617,6.400142744,0.753431169,47.75212056,0.424908504,0.322956188,4.834977551,0.024482252,0.659504904,0.024482252,0.426191614,0.588549571,0.070955333,44.98191128,90.01480507,0.005046929,81.51971949,3322.628704,1390.123424,8313.740258,0.000487668,0.017501216,14.46620128,1.15307539,0.391952667
9/3/2025,16:24:59,D:\Data\Areti_Leventi\Areti_Leventi_June 2025 _Acquisitions_Templates\Template3_extracted_data\Template3 --- Scra7_LSM_20x-0.7_LSM_after_mold_ventral_loc2_mean_extracted.mnt,Scra7_LSM_20x-0.7_LSM_after_mold_ventral_loc2_mean_extracted,100.051743,784,0.127780004,100.051743,784,0.127780004,17.78474464,Scra7_LSM_20x-0.7_LSM_after_mold_ventral_loc2_mean_extracted > S-filtered (Lambda-s 2.50 µm) > Leveled (LS-plane) > Form removed (LS-poly 8) > Thresholded (0.100 % ; 99.9 %),100.051743,784,0.127780004,100.051743,784,0.127780004,17.9489015,563.9910596,0.004988792,2.75808754,1860.546413,1519.308707,3379.855119,454.1820785,6.387512226,716.9901742,1114.053449,6.014871235,0.708892242,93.25517787,0.424908504,0.344098862,5.519905521,0.026560607,0.743524072,0.026560607,0.52578815,0.681164278,0.062359794,90.00133503,44.98701549,134.9943202,75.77817499,3598.407434,1629.636521,8683.278,0.001903948,0.017161876,16.33687704,1.080586533,0.172895875
9/3/2025,16:25:15,D:\Data\Areti_Leventi\Areti_Leventi_June 2025 _Acquisitions_Templates\Template3_extracted_data\Template3 --- Scra7_LSM_20x-0.7_LSM_after_mold_ventral_loc3_mean_extracted.mnt,Scra7_LSM_20x-0.7_LSM_after_mold_ventral_loc3_mean_extracted,100.051743,784,0.127780004,100.051743,784,0.127780004,6.884338557,Scra7_LSM_20x-0.7_LSM_after_mold_ventral_loc3_mean_extracted > S-filtered (Lambda-s 2.50 µm) > Leveled (LS-plane) > Form removed (LS-poly 8) > Thresholded (0.100 % ; 99.9 %),100.051743,784,0.127780004,100.051743,784,0.127780004,7.070621616,401.0010849,-0.241632578,3.459914961,1326.116424,1702.103456,3028.21988,314.9068302,19.94021027,496.7912748,815.7117588,5.435497932,0.794132793,132.9842939,0.424908504,0.324012356,4.930065365,0.0181632,0.514959397,0.0181632,0.359120053,0.464862711,0.050096686,134.989853,90.00092789,44.99427253,74.74380093,2935.53715,1108.232077,6732.352212,0.001445821,0.017198261,14.6815462,1.012654737,0.139730955
9/3/2025,16:25:31,D:\Data\Areti_Leventi\Areti_Leventi_June 2025 _Acquisitions_Templates\Template3_extracted_data\Template3 --- Scra7_LSM_20x-0.7_LSM_after_mold_ventral_loc4_mean_extracted.mnt,Scra7_LSM_20x-0.7_LSM_after_mold_ventral_loc4_mean_extracted,100.051743,784,0.127780004,100.051743,784,0.127780004,12.70499271,Scra7_LSM_20x-0.7_LSM_after_mold_ventral_loc4_mean_extracted > S-filtered (Lambda-s 2.50 µm) > Leveled (LS-plane) > Form removed (LS-poly 8) > Thresholded (0.100 % ; 99.9 %),100.051743,784,0.127780004,100.051743,784,0.127780004,12.87939921,535.8477432,0.372738428,3.505507152,2131.87157,1547.872763,3679.744333,419.0679893,2.792053096,677.2067929,966.7434113,5.150563723,0.824482928,64.99647316,0.424908504,0.36919749,6.264271959,0.033848767,0.711058879,0.033848767,0.46214039,0.656490851,0.054568028,179.9843774,89.99852231,63.57470487,79.65989404,3632.957247,1842.065721,7775.392235,0.002053967,0.017701573,19.05408826,1.080586533,0.101174645
9/3/2025,16:25:47,D:\Data\Areti_Leventi\Areti_Leventi_June 2025 _Acquisitions_Templates\Template3_extracted_data\Template3 --- Scra7_LSM_20x-0.7_LSM_before_mold_ventral_loc1_mean_extracted.mnt,Scra7_LSM_20x-0.7_LSM_before_mold_ventral_loc1_mean_extracted,100.051743,784,0.127780004,100.051743,784,0.127780004,13.17680133,Scra7_LSM_20x-0.7_LSM_before_mold_ventral_loc1_mean_extracted > S-filtered (Lambda-s 2.50 µm) > Leveled (LS-plane) > Form removed (LS-poly 8) > Thresholded (0.100 % ; 99.9 %),100.051743,784,0.127780004,100.051743,784,0.127780004,13.35039437,539.3934768,-0.304428899,3.889959503,1737.252137,2110.729789,3847.981925,413.6129355,7.145752981,639.212978,1236.118742,6.501686547,0.782194482,47.75220638,0.424908504,0.372351393,6.287440268,0.027673403,0.666908638,0.027673403,0.437863012,0.592606712,0.074301927,44.97328878,90.00364237,179.9975826,81.16080702,3683.817392,1545.367704,7932.573905,0.001145965,0.017503451,21.04311967,1.230427007,0.308022728
9/3/2025,16:26:03,D:\Data\Areti_Leventi\Areti_Leventi_June 2025 _Acquisitions_Templates\Template3_extracted_data\Template3 --- Scra7_LSM_20x-0.7_LSM_before_mold_ventral_loc2_mean_extracted.mnt,Scra7_LSM_20x-0.7_LSM_before_mold_ventral_loc2_mean_extracted,100.051743,784,0.127780004,100.051743,784,0.127780004,7.719277124,Scra7_LSM_20x-0.7_LSM_before_mold_ventral_loc2_mean_extracted > S-filtered (Lambda-s 2.50 µm) > Leveled (LS-plane) > Form removed (LS-poly 8) > Thresholded (0.100 % ; 99.9 %),100.051743,784,0.127780004,100.051743,784,0.127780004,7.903770564,544.0909351,0.048618862,2.775194011,1838.217914,1457.905335,3296.12325,438.3948204,6.297778018,705.706417,1066.646539,6.049986434,0.707663213,93.25609701,0.424908504,0.359533198,5.974886589,0.025289721,0.730964995,0.025289721,0.504608168,0.672249327,0.058715669,90.00874064,135.0010258,116.4820893,71.04996772,3461.402679,1636.114736,6976.508125,0.00205206,0.01682299,17.37933814,1.080586533,0.184176539
9/3/2025,16:26:18,D:\Data\Areti_Leventi\Areti_Leventi_June 2025 _Acquisitions_Templates\Template3_extracted_data\Template3 --- Scra7_LSM_20x-0.7_LSM_before_mold_ventral_loc3_mean_extracted.mnt,Scra7_LSM_20x-0.7_LSM_before_mold_ventral_loc3_mean_extracted,100.051743,784,0.127780004,100.051743,784,0.127780004,6.761831008,Scra7_LSM_20x-0.7_LSM_before_mold_ventral_loc3_mean_extracted > S-filtered (Lambda-s 2.50 µm) > Leveled (LS-plane) > Form removed (LS-poly 8) > Thresholded (0.100 % ; 99.9 %),100.051743,784,0.127780004,100.051743,784,0.127780004,6.948114067,399.3463231,-0.256150643,3.389816905,1311.311716,1666.361912,2977.673627,314.3363518,21.23605659,490.8957972,820.8720358,5.46182266,0.825903901,137.2590893,0.424908504,0.341667638,5.455179044,0.018039154,0.508961849,0.018039154,0.359779575,0.459209886,0.049751963,134.9911242,89.9964831,44.97985441,77.56865343,2746.010602,1159.015427,6849.59987,0.001913704,0.017092137,16.02241157,0.94899352,0.099442484
9/3/2025,16:26:34,D:\Data\Areti_Leventi\Areti_Leventi_June 2025 _Acquisitions_Templates\Template3_extracted_data\Template3 --- Scra7_LSM_20x-0.7_LSM_before_mold_ventral_loc4_mean_extracted.mnt,Scra7_LSM_20x-0.7_LSM_before_mold_ventral_loc4_mean_extracted,100.051743,784,0.127780004,100.051743,784,0.127780004,12.20682788,Scra7_LSM_20x-0.7_LSM_before_mold_ventral_loc4_mean_extracted > S-filtered (Lambda-s 2.50 µm) > Leveled (LS-plane) > Form removed (LS-poly 8) > Thresholded (0.100 % ; 99.9 %),100.051743,784,0.127780004,100.051743,784,0.127780004,12.38172246,513.9530512,0.373421457,3.508212674,2015.623656,1475.172829,3490.796486,402.855156,3.212910809,651.8958258,928.8769311,5.323396336,0.839833783,65.01273119,0.424908504,0.355528759,5.829993467,0.031873859,0.683750445,0.031873859,0.446803642,0.632118559,0.051631886,0.003520189,26.48705589,89.99389852,79.84582744,3449.887777,1766.781727,7850.562888,0.001656847,0.017819979,17.02024272,1.15307539,0.123563413
9/3/2025,16:26:50,D:\Data\Areti_Leventi\Areti_Leventi_June 2025 _Acquisitions_Templates\Template3_extracted_data\Template3 --- Scra8_LSM_20x-0.7_LSM_after_mold_ventral_loc1_mean_extracted.mnt,Scra8_LSM_20x-0.7_LSM_after_mold_ventral_loc1_mean_extracted,100.051743,784,0.127780004,100.051743,784,0.127780004,32.26146007,Scra8_LSM_20x-0.7_LSM_after_mold_ventral_loc1_mean_extracted > S-filtered (Lambda-s 2.50 µm) > Leveled (LS-plane) > Form removed (LS-poly 8) > Thresholded (0.100 % ; 99.9 %),100.051743,784,0.127780004,100.051743,784,0.127780004,32.39682034,634.8586626,0.185022633,3.488796906,2370.718451,2602.198495,4972.916946,495.9733308,2.493663327,794.9919045,1157.112724,6.505632121,0.956344299,140.998305,0.424908504,0.380053854,6.612526978,0.038189676,0.833159793,0.038189676,0.549407881,0.766124364,0.067035429,135.0010265,45.00616141,90.00307556,94.27821383,5082.781239,1912.812449,11355.58808,0.001054772,0.017362848,18.63439743,1.080586533,0.306859884
9/3/2025,16:27:06,D:\Data\Areti_Leventi\Areti_Leventi_June 2025 _Acquisitions_Templates\Template3_extracted_data\Template3 --- Scra8_LSM_20x-0.7_LSM_after_mold_ventral_loc2_mean_extracted.mnt,Scra8_LSM_20x-0.7_LSM_after_mold_ventral_loc2_mean_extracted,100.051743,784,0.127780004,100.051743,784,0.127780004,7.758811433,Scra8_LSM_20x-0.7_LSM_after_mold_ventral_loc2_mean_extracted > S-filtered (Lambda-s 2.50 µm) > Leveled (LS-plane) > Form removed (LS-poly 8) > Thresholded (0.100 % ; 99.9 %),100.051743,784,0.127780004,100.051743,784,0.127780004,7.943304873,461.5079497,-0.168494069,4.453926188,1790.948793,2121.12655,3912.075343,348.2996625,4.155133622,546.3893238,963.1087325,6.448611093,0.820237223,78.74003785,0.424908504,0.324044888,4.911084687,0.027115568,0.573505371,0.027115568,0.365374109,0.512557475,0.060947896,90.00384127,45.00581917,179.9869769,76.71141425,3713.350971,1603.272347,7122.95579,0.001141417,0.017180893,14.23603373,1.080586533,0.270996681
9/3/2025,16:27:22,D:\Data\Areti_Leventi\Areti_Leventi_June 2025 _Acquisitions_Templates\Template3_extracted_data\Template3 --- Scra8_LSM_20x-0.7_LSM_after_mold_ventral_loc3_mean_extracted.mnt,Scra8_LSM_20x-0.7_LSM_after_mold_ventral_loc3_mean_extracted,100.051743,784,0.127780004,100.051743,784,0.127780004,12.6213687,Scra8_LSM_20x-0.7_LSM_after_mold_ventral_loc3_mean_extracted > S-filtered (Lambda-s 2.50 µm) > Leveled (LS-plane) > Form removed (LS-poly 8) > Thresholded (0.100 % ; 99.9 %),100.051743,784,0.127780004,100.051743,784,0.127780004,12.79626328,495.215823,-0.125065456,3.446563715,1728.306036,1775.723426,3504.029462,382.2323597,6.432747479,598.6548064,1065.29579,5.465301403,0.776847049,73.00691854,0.424908504,0.337998514,5.292972978,0.026910939,0.625542322,0.026910939,0.417169308,0.559166316,0.066376006,89.99536625,134.9839088,116.4755139,76.53724005,3564.476996,1503.178491,7802.403527,0.00213459,0.017444407,16.69675827,1.012654737,0.224689409
9/3/2025,16:27:38,D:\Data\Areti_Leventi\Areti_Leventi_June 2025 _Acquisitions_Templates\Template3_extracted_data\Template3 --- Scra8_LSM_20x-0.7_LSM_after_mold_ventral_loc4_mean_extracted.mnt,Scra8_LSM_20x-0.7_LSM_after_mold_ventral_loc4_mean_extracted,100.051743,784,0.127780004,100.051743,784,0.127780004,18.99176125,Scra8_LSM_20x-0.7_LSM_after_mold_ventral_loc4_mean_extracted > S-filtered (Lambda-s 2.50 µm) > Leveled (LS-plane) > Form removed (LS-poly 8) > Thresholded (0.100 % ; 99.9 %),100.051743,784,0.127780004,100.051743,784,0.127780004,19.15364041,771.0203054,0.262916295,3.517253581,2892.531686,2341.154688,5233.686374,597.4860131,1.462044157,981.2420785,1445.302661,6.40698724,0.893006081,86.50914155,0.424908504,0.417670973,7.800118118,0.047728956,1.029015667,0.047728956,0.646492341,0.944719309,0.084296358,90.00024593,179.9962638,63.53310063,95.74253453,5723.439428,2375.609767,8428.743055,0.001084291,0.017472676,26.09698216,1.401045241,0.226006291
9/3/2025,16:27:54,D:\Data\Areti_Leventi\Areti_Leventi_June 2025 _Acquisitions_Templates\Template3_extracted_data\Template3 --- Scra8_LSM_20x-0.7_LSM_before_mold_ventral_loc1_mean_extracted.mnt,Scra8_LSM_20x-0.7_LSM_before_mold_ventral_loc1_mean_extracted,100.051743,784,0.127780004,100.051743,784,0.127780004,24.98763536,Scra8_LSM_20x-0.7_LSM_before_mold_ventral_loc1_mean_extracted > S-filtered (Lambda-s 2.50 µm) > Leveled (LS-plane) > Form removed (LS-poly 8) > Thresholded (0.100 % ; 99.9 %),100.051743,784,0.127780004,100.051743,784,0.127780004,25.13747527,619.3667868,0.302121501,4.080106348,2893.618857,2526.090065,5419.708922,480.7359926,0.570712738,761.333232,1112.668661,6.112018892,0.8020876,129.2481255,0.424908504,0.384736975,6.734194237,0.038495442,0.799814198,0.038495442,0.523971293,0.734223306,0.065590892,90.00738932,45.00619491,134.9887197,88.85312784,5722.723004,2374.004832,10221.01263,0.001441395,0.017547906,20.73199912,1.312967594,0.186156546
9/3/2025,16:28:09,D:\Data\Areti_Leventi\Areti_Leventi_June 2025 _Acquisitions_Templates\Template3_extracted_data\Template3 --- Scra8_LSM_20x-0.7_LSM_before_mold_ventral_loc2_mean_extracted.mnt,Scra8_LSM_20x-0.7_LSM_before_mold_ventral_loc2_mean_extracted,100.051743,784,0.127780004,100.051743,784,0.127780004,9.096632913,Scra8_LSM_20x-0.7_LSM_before_mold_ventral_loc2_mean_extracted > S-filtered (Lambda-s 2.50 µm) > Leveled (LS-plane) > Form removed (LS-poly 8) > Thresholded (0.100 % ; 99.9 %),100.051743,784,0.127780004,100.051743,784,0.127780004,9.278197886,472.3638793,-0.120588245,4.583780577,1917.618631,2186.269424,4103.888055,354.4621617,2.990474916,546.8884704,991.3204566,6.503240196,0.835734151,42.25072015,0.424908504,0.341131672,5.393869981,0.029490975,0.576405273,0.029490975,0.373071642,0.514351706,0.062053567,45.00835308,135.0075894,179.9938416,79.06090388,3899.080667,1704.111139,7290.088536,0.001475807,0.017283803,16.35104849,1.15307539,0.285333803
9/3/2025,16:28:25,D:\Data\Areti_Leventi\Areti_Leventi_June 2025 _Acquisitions_Templates\Template3_extracted_data\Template3 --- Scra8_LSM_20x-0.7_LSM_before_mold_ventral_loc3_mean_extracted.mnt,Scra8_LSM_20x-0.7_LSM_before_mold_ventral_loc3_mean_extracted,100.051743,784,0.127780004,100.051743,784,0.127780004,14.26684194,Scra8_LSM_20x-0.7_LSM_before_mold_ventral_loc3_mean_extracted > S-filtered (Lambda-s 2.50 µm) > Leveled (LS-plane) > Form removed (LS-poly 8) > Thresholded (0.100 % ; 99.9 %),100.051743,784,0.127780004,100.051743,784,0.127780004,14.43799459,474.1011126,0.148689026,3.146783397,1712.268935,1461.380827,3173.649762,374.094504,6.58260151,598.4351848,912.348164,5.635656304,0.790710786,87.25229462,0.424908504,0.358440387,5.933325445,0.026363973,0.624801564,0.026363973,0.419013217,0.572280087,0.052521477,89.9904839,134.9904401,26.46460637,75.36766624,3116.825995,1517.451751,8397.109836,0.001582366,0.017087327,19.22119314,1.012654737,0.101590664
9/3/2025,16:28:41,D:\Data\Areti_Leventi\Areti_Leventi_June 2025 _Acquisitions_Templates\Template3_extracted_data\Template3 --- Scra8_LSM_20x-0.7_LSM_before_mold_ventral_loc4_mean_extracted.mnt,Scra8_LSM_20x-0.7_LSM_before_mold_ventral_loc4_mean_extracted,100.051743,784,0.127780004,100.051743,784,0.127780004,12.77072053,Scra8_LSM_20x-0.7_LSM_before_mold_ventral_loc4_mean_extracted > S-filtered (Lambda-s 2.50 µm) > Leveled (LS-plane) > Form removed (LS-poly 8) > Thresholded (0.100 % ; 99.9 %),100.051743,784,0.127780004,100.051743,784,0.127780004,12.94496434,729.4114864,0.47787962,3.847813073,3031.046766,1969.467929,5000.514695,557.0561615,1.098695731,918.2534675,1319.085787,6.34596851,0.843921343,53.75174034,0.424908504,0.406171874,7.290662817,0.05188772,0.970096383,0.05188772,0.594281186,0.893298607,0.076797776,45.01644532,89.99615103,179.9988753,85.96932449,5264.914724,2528.43184,7603.362548,0.000844173,0.017316381,24.58992298,1.312967594,0.559712055
